video_id,title,artist,album,duration,is_explicit
Nc0sB1Bmf-A,残響散歌 - Zankyosanka,Aimer,Zankyosanka,3:05,0
u5heWZ9occg,Wild Side,ALI,Wild Side,2:39,0
hY9eKXTZ_lU,空に歌えば - Sora Ni Utaeba,amazarashi,Chihoutoshi No Mementomori,3:38,0
7_J24H4Ol6g,瞬き - Mabataki,back number,Magic,5:26,0
fMU6nclDzNs,ポラリス - Polaris,BLUE ENCOUNT,q.e.d,3:45,0
o7fgFaXKVa0,Duvet,bôa,Twilight,3:24,0
zFc3ClyNFhQ,シンデレラ - Cinderella,Cidergirl,Cinderella,3:33,0
jH5bSmaXwzE,Mirage (OP Theme to Call of the Night Season 2),Creepy Nuts,Mirage,2:19,0
qutWSXY8PdM,のびしろ - Nobishiro,Creepy Nuts,Case,3:57,0
zArhnXbh3Yc,よふかしのうた - Yofukashino Uta,Creepy Nuts,Yofukashino Uta,4:00,0
SpgK_2j-h0I,堕天 - Daten,Creepy Nuts,Ensemble Play,2:53,0
M50iIZr8U5Y,asphyxia (piano ver.) - Asphyxia (Piano Version),Cö shu Nie,Aurora,4:46,0
Zx4hxiSNTJc,Asura,Cö shu Nie,Aurora,1:35,0
3vws8BKBMWk,fujI,Cö shu Nie,Flos Ex Machina,3:20,0
UDjm0ECHDW4,supercell,Cö shu Nie,OVERKILL,3:12,0
NA9vcsNYr5c,undress me,Cö shu Nie,undress me,3:14,0
OnlPb5UDZUw,葡萄 - Grapes,Cö shu Nie,Aurora,2:37,0
Xx1E-QYlhyM,迷路 ～本編～ - Maze -Continues-,Cö shu Nie,Flos Ex Machina,3:55,0
8adAs8RCkD0,Omae Wa Mou,deadman 死人,Omae Wa Mou,1:54,0
P--4x9DaebI,Bokurano,Eve,Bokurano,3:37,0
dEfl-ObuapA,Dramaturgy,Eve,Bunka,3:59,0
AbmBoFPKQSo,Inochino Tabekata (DanceMix Ver.),Eve,Gunjo Sanka / Yuseiboushi,3:42,0
isY3rtuSsK8,Kaikai Kitan,Eve,Kaikai Kitan / Ao No Waltz,3:42,0
WFRB9zl8tS8,Last Dance,Eve,Otogi,4:01,0
0R5uXlT54hs,Outsider,Eve,Otogi,3:28,0
5q8PJ-ldGoo,black bullet,fripSide,infinite synthesis 2,4:25,0
URR_Nv-6MZs,喜劇 - Comedy,Gen Hoshino,Comedy,3:51,0
pXHPxreNHkA,3分29秒 - 3 min 29 sec,hitorie,PHARMACY,3:30,0
0t0HtFYjcU8,NIGHT DANCER,imase,POP CUBE,3:31,0
KZJPoi21ah4,Pick you up,iri,Pick you up,3:39,0
rCv8E4iWIpg,Reaction (Osu Edit) (feat. Slyleaf),James Landino,Osu! James Landino Collection,2:03,0
S0j4mcEFqfo,大脳的なランデブー,Kanaria,大脳的なランデブー,2:13,0
r_iK0Fw66kw,Abracada-Boo,Kaori Ishihara,Abracada-Boo,4:36,0
NMA_isZYsYQ,KICK BACK,Kenshi Yonezu,KICK BACK,3:14,0
_PNFMuT6e4o,白日 - Hakujitsu,King Gnu,Ceremony,4:37,0
VDuDQNkSC6g,街のドルフィン - Machi No Dorufin,Kingo Hamada,midnight cruisin',3:53,0
3zf5O4QeYus,シンパシー - Sympathy,Kitri,Hikare Inochi,3:31,0
RoFb3c8o_LQ,promise,Kohmi Hirose,"Kohmi Hirose THE BEST ""Love Winters""",4:41,0
x58_aoDa8XA,LAST DANCE,Mamoru Miyano,LAST DANCE,3:46,0
BC4zaaiXNMI,ラブ・ドラマティック - Love Dramatic (feat. Rikka Ihara),Masayuki Suzuki,Love Dramatic,4:24,0
uzG5JFreTWQ,Children of the City,Mili,To Kill a Living Book: for Library Of Ruina,3:55,0
RSfMxAKAq3U,String Theocracy,Mili,To Kill a Living Book: for Library Of Ruina,2:55,0
VpJTdoqGFY4,world.execute (me) ;,Mili,Miracle Milk,3:32,0
ZAX33xi09P4,雨と体液と匂い（ending ver.）～TVアニメ『グレイプニル』エンディングテーマ～ - Ame to Taieki to Nioi(ending ver.)~TV ANIME[GLEIPNIR]Ending Theme,Mili,Ame to Taieki to Nioi(ending ver.)~TV ANIME[GLEIPNIR]Ending Theme,1:30,0
VsR-yIQrV2I,ミユキ,"Milkoi, miraie",ミユキ,3:32,0
gxp3R7l1iSk,カワキヲアメク - Kawakiwoameku,minami,Kawakiwoameku,4:12,0
v1qNu8cklVE,Notice (feat. TORIENA),Moe Shop,Moe Moe,3:10,0
auQxNYJ07Lc,恋愛サーキュレーション - Renai Circulation,MONOGATARI Series,Utamonogatari Special Edition (Original Soundtrack),4:16,0
7uJxtwBFxxI,STYX HELIX,MYTH & ROID,eYe's,4:50,0
pBN9sSnAOUM,Lime Tree,nano.RIPE,Space Echo,3:42,0
IvASDhoPlz8,Lost umbrella,Phonkboi.me,Lost umbrella,3:25,0
dLlD-dZNACM,メフィスト - Mephisto,QUEEN BEE,Mephisto,3:48,0
aWZseAsGAVA,おしゃかしゃま - Oshakashama,RADWIMPS,Arutokoroni No Teiri,3:49,0
OEPmMz2Y0c8,ハイパーベンチレイション - Hyper Ventilation,Radwimps,Keitai Denwa,4:24,0
pNH1FOtsVzg,「70cm四方の窓辺」 - 70cm shihounomadobe,ROTTENGRAFFTY,70cm shihounomadobe,3:46,0
HbXaUmWaU5Q,忘れられないの - Wasurerarenaino,sakanaction,834.194,3:58,0
ukYEgbe2QPw,怪獣 - Kaiju,sakanaction,Kaiju,4:13,0
N3JrtB1RMPQ,空と虚 - Sora to Utsuro,Sasanomaly,sora to utsuro,3:42,0
005gbsXmgvU,Naked Dive,SCREEN mode,Naked Dive,4:48,0
O1s2J5mNPyE,Omae Wa Mou,Shayne Orok,Omae Wa Mou,1:55,0
lKcy4hLvzgI,"Heartbeat, Heartbreak",Shihoko Hirata,ペルソナ4 オリジナル・サウンドトラック,2:16,0
kqqvNAPYMFk,"Selfrontier (From ""Sword Art Online: Alicization Rising Steel"")",ShiroNeko,"Selfrontier (From ""Sword Art Online: Alicization Rising Steel"")",1:41,0
8OZpBLAULNI,嘘 - Uso,SID,hikari,3:26,0
VjsPYyUWUwY,少女A - Young Girl A (feat. Kagamine Rin),"siinamota, Kagamine Rin","Hatsune Miku ""Magical Mirai 2025"" OFFICIAL ALBUM",4:04,0
UmlQD_F8u8E,B地区戦隊SOX - B Chiku Sentai SOX,SOX,B Chiku Sentai SOX,4:34,0
Ezx-b8LSOf4,Just disappear,Takayan,Just disappear,2:35,1
2zIRnfir0X4,ツギハギスタッカート - Patchwork Staccato (feat. Hatsune Miku),toa,Patchwork Staccato,4:11,0
X_yPsnn8b6A,Hitoriuta ~September How YOU doin'?~,Ujita Mai,Hitoriuta ~September How YOU doin'?~,3:18,0
ed-JHdQrqWQ,放課後ディストラクション - AfterSchoolDi (e) stra (u) ction,Yakushimaru Etsuko,AfterSchoolDi (e) stra (u) ction,4:08,0
sd1mAKAzpf0,血流 - Blood Flow,yama,the meaning of life,3:29,0
rgNdeflYdYw,たぶん,YOASOBI,THE BOOK,4:17,0
mJ1N7-HyH1A,夜に駆ける,YOASOBI,THE BOOK,4:19,0
k0g04t7ZeSw,怪物,YOASOBI,THE BOOK 2,3:26,0
k8ozVkIkr-g,The Cruel Angel's Thesis (Director's Edit Version),Yoko Takahashi,NEON GENESIS EVANGELION (Original Series Soundtrack),4:06,0
hZ6TnKvB2rc,旅人の唄（『無職転生 ～異世界行ったら本気だす～』より）,大原ゆい子,旅人の唄（『無職転生 ～異世界行ったら本気だす～』より）,4:25,0
RIkDbB3De_8,祈りの唄,大原ゆい子,祈りの唄,4:30,0
KHsMv0TIHf0,LIVE for LIFE ~狼たちの夜~,愛美,LIVE for LIFE ~狼たちの夜~,4:30,0
AuFdVEtAwjs,割れたリンゴ,渡辺早季(CV:種田梨沙),TVアニメ「新世界より」ED主題歌「割れたリンゴ」「雪に咲く花」,4:14,0
vSv57cFsd98,Everybody Wants to Rule the Word,Adam Maness Trio,Constant Craving,5:51,0
LVCo5lyr5L8,Binary Data IV Variation,Alfonso Peduto,Binary Data: The Variations 1,0:55,0
wtzeyRMdsDs,Let Go (feat. Veronika Redd),Ark Patrol,Let Go,4:09,0
uawvPHhHMgo,Talking With You,Artificial.Music,Chillin' In Tonight's Sky,3:02,0
Zt-GY5palq0,i'm not subtle,"AYEON, Lofty",sketches of home,1:06,0
YjOE6bE-z98,Simmer,"BAYNK, Hablot Brown",Someone's EP II,3:56,0
m_npTC0Rvgg,Space Song,Beach House,Depression Cherry,5:21,0
lvEMma-svec,Tek It (Sped Up),Cafuné,Tek It (I Watch the Moon),2:47,0
1SuRjd8zvT0,Hide (CS01 Version),Dorian Concept,Hide (CS01 Version),3:02,0
nYQfDO99KBs,"Requiem in D Minor, K. 626: VII. Lacrimosa","Edith Wiens, Gabriele Schreckenbach, Aldo Baldin, Gerhard Faulstich",60 Must-Have Masses,3:16,0
xeMTHR6hkxQ,i walk this earth all by myself,Ekkstacy,i walk this earth all by myself,2:26,1
X5UmxZkLXro,Lullaby for Erik,Evgeny Grinko,Lullabies,3:22,0
6xGOcQs2uk0,Mindfulness,Fabio Giachino,Limitless,4:09,0
kV_Ls62DC20,Dramamine,Flawed Mangoes,Dramamine / Fragility,3:26,0
WzS8he3DqFw,"Vivaldi Variation (Arr. for Piano from Concerto for Strings in G Minor, RV 156 by F. Christl)","Florian Christl, Antonio Vivaldi","Vivaldi Variation (Arr. for Piano from Concerto for Strings in G Minor, RV 156 by F. Christl)",1:53,0
bVeOdm-29pU,"Nocturne No. 2 in E flat Major, Op. 9,2",Frédéric Chopin,Chopin,4:44,0
hejQ4D6lg8M,Hinoki Wood,Gia Margaret,Romantic Piano,1:35,0
zTlG36px-8I,School Rooftop,hisohkah,School Rooftop,2:48,0
exvt4dzmuaI,Resonance,Home,Odyssey,3:33,0
UCHLxIN0_ag,Comfort Chain,Instupendo,Comfort Chain,3:05,0
mOg1lye1asI,"Prelude in C minor, BWV 999","Janos Sebestyen, Johann Sebastian Bach","Bach, J.S.: Italian Concerto / Chromatic Fantasia and Fugue / 12 Little Preludes",1:09,0
FriHNleITHs,Starry Night [Proleter Remix] (feat. Proleter),Jive Me,Starry Night [Proleter Remix],4:20,0
WR7V-XrE4BU,"Hungarian Rhapsody No. 2, S. 244","Jon Nakamatsu, Franz Liszt",Liszt: The Dante Sonata & Other Works,9:35,0
pvl-gUjKQEA,Camelia,Juan Arenosa,Camelia,2:27,0
OrCx5wW94m0,Vivaldi Variation (arr. for piano from Concerto for Strings),Julie Hanney,Vivaldi Variation (arr. for piano from Concerto for Strings),2:29,0
a__hyy3TrGQ,Vámonos a Marte,Kevin Kaarl,Hasta el Fin Del Mundo,3:00,0
BCOjp7VELAE,Gymnopédies,L.Dre,Gymnopédies,2:42,0
hKjoLnjjp5E,The Lamp Is Low,Laurindo Almeida,Classical Current,2:51,0
hVWQ7W2U53c,ILoveWenUDance (Sing to you),Marshyn,ILoveWenUDance (Sing to you),2:34,1
9ytiyD_QA2s,magic,"Medasin, MAE.SUN, & Sara Kawai",sounds,5:57,0
k55OYemA5Ds,Lo Que Construimos,Natalia Lafourcade,Hasta la Raíz (Edición Especial),4:40,0
qYcoJpqCha4,aruarian dance,Nujabes,samurai champloo music record departure,4:11,0
__a-mIx_Nag,El Lago de Los Cisnes,Orquesta Filarmonica de Croacia,Clasicos Fantásticos Vol 5,9:47,0
3x6Dk42ndGM,Falling for U,"Peachy!, Mxmtoon",Falling for U,2:04,0
hz-6RA0jsg8,Idea 22,Penguin Piano,IDEA,2:54,0
Ww2S3WUyjDA,i'm closing my eyes,potsu,i'm closing my eyes,1:59,0
k50kTo8u2IQ,"Solfeggio, H. 220",Rebecca Chambers,AMEB Piano For Leisure Series 1 Grade 4,1:14,0
jRFpmA4IIAo,Pope Is a Rockstar,SALES,SALES LP,3:08,0
oEybvx6Fx8M,aquatic ambience,Scizzie,aquatic ambience,2:04,0
Hs7g5ipTFSA,I’ll Keep You Safe,"Shiloh Dynasty, Vluestar",I’ll Keep You Safe,2:21,0
Q6FarZpy67M,Dark Red,Steve Lacy,Dark Red,2:54,0
t1-ZlxOHeoY,Losing Interest,"Stract, Shiloh Dynasty",Losing Interest,2:17,0
zf2k9_Nnm7w,Mrs Magic,Strawberry Guy,Mrs Magic,3:29,0
Vn1eW9grhLc,Pasilyo,SunKissed Lola,Pasilyo,4:31,0
k7kzc3Nof08,I Love You So,The Walters,I Love You So,2:41,0
6_LsCe4jUF8,Ethereal,Txmy,Ethereal,2:48,0
vdB3E5cRdTk,Telephones,Vacations,Changes,3:33,0
iieMBm4I4OI,Telephones (Audiotree Live Version),"Vacations, Audiotree",Vacations on Audiotree Live,3:45,0
oAur1xQx-sc,Young,Vacations,Vibes,3:10,0
IoC6FQiK_jI,Chandelier,Will Paquin,Chandelier,2:08,1
c8s3uKrZOsE,All For Nothing,Zachariehs,All For Nothing,3:28,0
IPeXSQlu9IA,YRN,3300REALReeko,Life Of October,2:32,1
NZtjoHFQazg,Beautiful Death (feat. Punch & Ashtrobot),Ab-Soul,Control System,4:30,1
nbqMIBYJlvk,Godzilla (feat. Juice WRLD),Eminem,Music To Be Murdered By,3:31,1
r5MR7_INQwg,The Real Slim Shady,Eminem,The Marshall Mathers LP,4:45,1
PL92mo_fA5I,PRAYER RACKS,insôniagc,PRAYER RACKS,3:27,0
FJOS3ikx9rw,4AM,JrYungMoney,4AM,1:09,1
EsCoP1kveNY,Home Cookin (feat. monstalung),Jumbo Green,Home Cookin,2:00,1
ZAz3rnLGthg,Flashing Lights,Kanye West,Graduation,3:58,0
pRGmFiEyr0A,PRIDE.,Kendrick Lamar,DAMN. COLLECTORS EDITION.,4:36,0
eaLYZqZdTf8,Hide and Seek,Larnell Lewis,Slice of Life,7:14,0
sTRPbWEHpyQ,Rubber Band,Penny Pinchers,Rubber Band,1:46,1
obWL6ubsv7E,"INAZUMA ELEVEN RAP | ""GETTING GOLD""",S4MMY'S FL0W,"INAZUMA ELEVEN RAP | ""GETTING GOLD""",2:55,0
Iu6XvexfHWI,Let Me Know (feat. Future),Tamar Braxton,Let Me Know,3:59,0
2nR1zrNzgcY,FE!N (feat. Playboi Carti),Travis Scott,UTOPIA,3:12,1
9PpXu-2fPHc,Dream On,Aerosmith,Aerosmith,4:28,0
qU9mHegkTc4,505,Arctic Monkeys,Favourite Worst Nightmare,4:14,0
YBdyc1WDlBQ,Livin' On A Prayer,Bon Jovi,Slippery When Wet,4:10,0
0K3c0qvz4JU,(Everything I Do) I Do It For You (Live At The Royal Albert Hall),Bryan Adams,Waking Up The Neighbours - Live At The Royal Albert Hall,7:42,0
_z4iPWMbdoo,Jerk It Out,Caesars,Jerk It Out,3:16,0
6LEs1yKXnb8,Tek It,Cafuné,Running,3:12,0
H7UMRkp7m80,Don't Dream It's Over,Crowded House,Crowded House,3:57,0
4xM4M4LIbgw,Mr. Blue Sky,Electric Light Orchestra,Worlds Best Dad 2006,5:02,0
9Ca-ohUiRWA,The Joe Way,Eric Escanes,Take It EZ,3:07,0
gY5pCvBZ2J8,Late Night,Foals,Holy Fire,5:28,0
AxuTd9rwEHQ,Everlong,Foo Fighters,The Colour And The Shape,4:11,0
vXL7y6km0a8,Alone Again (Naturally),Gilbert O'Sullivan,Back to Front (Deluxe Edition),3:42,0
F_X3qKVZrWU,From the Start,Good Kid,From the Start,2:31,0
6Zxgq0upMjE,Mimi's Delivery Service,Good Kid,Mimi's Delivery Service,2:59,0
q1bTAcMAQDc,Rhinestone Eyes,Gorillaz,Plastic Beach,3:21,0
gelwwYuYGn0,Just the Two of Us,"Grover Washington, Jr.",Winelight,7:24,0
0CNPR2qNzxk,Welcome To The Jungle,Guns N' Roses,Appetite For Destruction,4:34,0
axcAGi3b5W0,Look Your Back!,Himiko Kikuchi,FLYING BEAGLE,4:59,0
mIgXfWldxkw,Mulligan,Hip Horns Brass Collective,Bram! & Mulligan,3:40,0
-h6sQBHnh8s,The World is still Beautiful,Ichika Nito,The World is still Beautiful,2:00,0
NALAg39e9dA,Battle For Brains (Ultimate Battle/Brainac Maniac) (feat. Linus Kühl),ImRuscelOfficial,Reeds and Seeds,4:52,0
tkop8m7B6J0,"Graze The Roof (feat. Madalyn Music, LBlevinsMusic, Nico Mendoza & Joe Di Fiore)",ImRuscelOfficial,Reeds and Seeds,5:02,0
i6GP56fAvyE,Cumbialada,"Jesus Molina, Sam Smith, Nicolas Guerrero",Departing,2:42,0
38CRu1rCaKg,Caravan,John Wasson,Whiplash (Original Motion Picture Soundtrack),9:15,0
mVbQ-bFOdcU,Boise,Justin Hurwitz,La La Land (Original Motion Picture Score),1:14,0
yOW7Eh81Gto,Faint,Linkin Park,Meteora,2:43,0
h0OK2oOG1no,Heavy Is the Crown,Linkin Park,From Zero,2:48,0
KFA1hM91ffo,In the End,Linkin Park,Hybrid Theory,3:37,0
u-IcadiJCrE,Numb,Linkin Park,Meteora,3:08,0
dIYsBSwEmh8,Creep (feat. Tom Ellis),Lucifer Cast,Lucifer: Seasons 1-5 (Original Television Soundtrack),1:48,0
LbYwT6TULjg,Freaking Out the Neighborhood,Mac DeMarco,2,2:54,0
pS7ytwP4S60,Guitar 2.0,"Manuel Gardner Fernandes, LEVY",Volume II,2:54,0
_3Uxcu3FWC8,My Way (Originally Performed By Limp Bizkit),MIDIFine Systems,Best for Musicians No. 805 (Karaoke Version),4:37,0
ZEMBDKMtHqM,Come As You Are,Nirvana,Nevermind,3:39,0
j8BnBTTZvOE,Rapp Snitch Knishes (Sitar Version),OMA & SitarNik,OMA - Sitar HipHop - Classic 90s Instrumentals,2:17,0
WopgkUWG28k,Let the Flames Begin,Paramore,Riot!,3:19,0
vn4yZ5PC3JY,King For A Day (feat. Kellin Quinn),Pierce The Veil,Collide With The Sky,3:57,1
rxdGfg0Nwzs,Ego Death (feat. Steve Vai),Polyphia,Remember That You Will Die,5:51,0
Do7Ubnhb-fU,Playing God,Polyphia,Remember That You Will Die,3:26,0
7374CZQoS2Y,No Surprises,Radiohead,OK Computer OKNOTOK 1997 2017,3:49,0
U7ZnIrr9d6M,Polozhenie (Instrumental Guitar),Ravens Rock,Polozhenie (Instrumental Guitar),3:59,0
vbMh38KGZMM,Savior,Rise Against,Appeal To Reason,4:03,0
936bBvKkBVk,Easy Rider,Royal Hunt,Land of Broken Hearts,5:00,0
wB6sc64QxK4,Smooth (That Kid Chris Club Mix) (feat. Rob Thomas),Santana,Ceremony - Remixes & Rarities,3:54,0
FxWrMKh6WFc,"Still Loving You (Live at Taratata, April 28th 1996)","Scorpions, Vanessa-Mae","Still Loving You (Live at Taratata, April 28th 1996)",6:19,0
Ukh1zoiV304,Wind Of Change,Scorpions,Crazy World,5:13,0
oE56g61mW44,Isn't She Lovely,Stevie Wonder,The Definitive Collection (Deluxe Edition),3:20,0
cYT325Fe9zU,Freaks,Surf Curse,Freaks,2:28,0
nvHq4siXbPo,Radio/Video,System Of A Down,Mezmerize,4:10,0
mUEsqQpact0,Toxicity,System Of A Down,Toxicity,3:39,0
sxeTur67wJo,Patrol Acrobatique,The Fearless Flyers,The Fearless Flyers III,1:37,0
8xlNF9-C6lQ,The Grid,Tigran Hamasyan,Mockroot,5:57,0
w1Smzzw_w7Q,Ride,twenty one pilots,Blurryface,3:35,0
QRESCdc-Zto,Rain,Unprocessed,Rain,3:00,0
hp7EV5H99Vo,"Jump, You Fuckers!",Way to Bodhi,Eyed and Spied,5:12,0
u5BNQDzXEu8,Gaiety in the Golden Age,Aaron Kenny,Gaiety in the Golden Age,1:59,0
Hfw8L_0Mh78,FIGHT!,Aests,The Classics,2:03,0
Vwpjv5vD6rg,Smash And Grab,Alan Silvestri & The USC Marching Band,The Croods (Music from the Motion Picture),4:10,0
QdeM0N8yv7w,A Fearsome Foe,Anime Kei,"Dragon Ball Super's, Vol. 1",2:23,0
wpe1O7PaJdY,Gomu Gomu Bazooka,Anime Zing,One Piece (2002),3:58,0
YklQL29qdnY,Shinken Shoubu,Anime Zing,One Piece (2004),3:45,0
EuyfINR0fLE,To the Grand Line,Anime Zing,One Piece (2002),3:36,0
CjagZ52twms,告白の夜 - The reason why,Ayasa,CHRONICLE V,4:51,0
HK6jervQdbQ,I'm A Master Of Minds,Aztech from Hybrid Thoughts、堤 博明,TVアニメ「Dr.STONE」オリジナルサウンドトラック,2:28,0
2KuWjZD6PBA,It's Going Down Now,"Azumi Takahashi, Lotus Juice, ATLUS Sound Team",Persona 3 Reload Original Soundtrack,3:07,0
-Rchh80XxE0,Babylonia,Bonobo,Lazarus (Adult Swim Original Series Soundtrack),2:20,0
hxS-KSQSUEk,Dark Will Fall (feat. Jacob Lusk),Bonobo,Lazarus (Adult Swim Original Series Soundtrack),2:17,0
ZTCdjOBM_9A,Prophets,Bonobo,Lazarus (Adult Swim Original Series Soundtrack),3:12,0
JZNy6eHw3FA,Haggstrom,C418,Minecraft - Volume Alpha,3:24,0
2XBp5YgYoEY,Remember Me (from the series Arcane League of Legends),d4vd,Arcane League of Legends: Season 2 (Soundtrack from the Animated Series),2:03,0
jij9f0Sm0As,Sao Rơi,dai kieu,Chân đồi,1:55,0
qrXf4GZBMwY,End Credits: Gruss von Krampus / Krampus Karol of the Bells,Douglas Pipes & Brea Olinda High School Singers,Krampus (Original Motion Picture Soundtrack),5:07,0
rFDdnqjz4vQ,VISIONS,"eaJ, Safari Riot, VALORANT",VISIONS,3:46,0
2t2zXAxAgVw,有色透明・無色透明,EastNewSound,EastNewSound 5th Anniversary Premium Best,4:54,0
-4PdRnGD-R0,Gloopin,Eddie EWI,Bloop Loops,1:43,0
izovSb5Z7lw,The 7 Seas,F-777,Pirate Dance Machine,2:23,0
_n7Uzza3KQw,Like Horror Vibes When Hearing This Sound,Fiona Zlataneva,Like Horror Vibes When Hearing This Sound,4:05,0
v_REAfSPqLI,No More,Friedrich Habetler,No More,3:29,0
hT3hAdbPQgI,Fresh,"Funkin' Sound Team, Kawai Sprite","Friday Night Funkin', Vol. 1 (Original Game Soundtrack)",1:24,0
cawP17mFeq4,memories,G Sounds,RJ Pasin Samples 5,1:31,0
1_PWdjym25g,Before My Body Is Dry,Hiroyuki Sawano,KILL LA KILL ORIGINAL SOUNDTRACK,4:09,0
0e2jSIlQ7Sc,"Stickerbush Symphony Lofi (From ""Donkey Kong Country 2"")","Hotline Sehwani, Lucky",DK's Tree House After Hours,2:14,0
v9f0jV9iBnc,Burden of Knowledge (Atlas's Theme),James Landino,Burden of Knowledge (Atlas's Theme),1:47,0
Lv56nQvdoxM,Thousand Absolutes (Octavia's Theme) (English Version),James Landino & DEMONDICE,Demon Duel (Vyce and Octavia's Theme from Omega Strikers),3:02,0
xxsvTvDQKMY,Merry-Go-Round of Life (from 'Howl's Moving Castle'),Joe Hisaishi,FREEDOM PIANO STORIES 4,5:12,0
EsvfptdFXf4,Cantina Band,"John Williams, London Symphony Orchestra",Star Wars: A New Hope (Original Motion Picture Soundtrack),2:45,0
7aCPkUuCW4Y,気迫の剣士ゾロ - Kihaku no kensi zoro,Kohei Tanaka,The movie「ONE PIECE ”Nejimakijima no Bouken”」,1:27,0
PvFCm7ZbfBY,Up in My Jam (All of a Sudden),Kubbi,Gas Powered - EP,3:41,0
lr4vi_XAjQQ,Loonboon,Laura Shigihara,Plants Vs. Zombies (Original Video Game Soundtrack),1:48,0
BTthtlT80Rc,Pigstep (Stereo Mix),"Lena Raine, Minecraft",Minecraft: Nether Update (Original Game Soundtrack),2:30,0
kCQbsaNwszc,"Zelda II: The Adventure of Link (Palace Theme) [From ""The Legend of Zelda 2""]","London Music Works, Scott Buckley",Music from the Legend of Zelda,3:35,0
j9Sn1nFGQQ8,Color Your Night,"Lotus Juice, Azumi Takahashi, ATLUS Sound Team",Persona 3 Reload Original Soundtrack,3:48,0
NjDFUDmTPNg,"Asgore (From ""Undertale"")",Luke Pickman,"Asgore (From ""Undertale"")",2:57,0
Lbw7sYVxKlE,Rock-Solid Hero,Masaru Yokoyama,MASHLE Soundtrack Vol.2,1:38,0
ccm6kRFyI50,Serious Steel,Masaru Yokoyama,MASHLE Soundtrack Vol.1,2:44,0
9cJwLducTYY,Dragon Roost Island,"Mikel, GameChops",Zelda & Chill,2:54,0
eaMpXK8cpVM,Fairy Fountain,"Mikel, GameChops",Zelda & Chill,2:45,0
xh5dV3un924,Song of Storms,"Mikel, GameChops",Zelda & Chill,3:38,0
I7jtXjfuE9o,Aftercircus (Bonus Track) (feat. beddybyekitty),NAPCAST,Pawprint Panic!,2:52,0
2Y9uceuIAxE,Cheat Codes,Nitro Fun,Cheat Codes,3:32,0
AnBLaEnFSUk,Final Boss,Nitro Fun,Final Boss,5:17,0
SrQMi7mIMPU,Dr Wily Map,Polysteichon,Mega Man 2,0:10,0
06rbARohIyw,"Accumula Town (From ""Pokémon Black and White"")",Qumu,"Accumula Town (From ""Pokémon Black and White"")",3:06,0
9s3Y35WuK6Y,"Lavender Town (From ""Pokémon Red and Blue"")",Qumu,Year 5,2:54,0
J8pBhDfERGk,Gathers Under Night...,Raito,UNDER NIGHT IN-BIRTH Exe:Late (Original Soundtrack),1:38,0
iws0wj5sk7Q,a cat goes to work,sakuracloud,a cat goes to work,1:39,0
J0_GAsD8-P8,Mikasa vs Warhammer Titan,Samuel Kim,"Attack on Titan: Epic Collection, Vol. 3",3:12,0
fufsYYVcVjs,Haikyuu Season 3 OST - Ring around the Moon,Seekove,,2:14,0
3DBO4IbD7VM,"Collision Chaos ""G"" mix",SEGA,SONIC THE HEDGEHOG CD Original Soundtrack 20th Anniversary Edition,1:44,0
yWZ5yIfIm2g,Next Episode,Shiro SAGISU,NEON GENESIS EVANGELION (Original Series Soundtrack),0:33,0
r4V9azE0e1M,Grape Soda,Snail's House,Grape Soda,3:14,0
RK8e4JQgPfo,Pixel Galaxy,Snail's House,Pixel Galaxy,3:56,0
8MOxZCgzHcA,Snailchan Adventure,Snail's House,Snailchan Adventure,3:29,0
cyN83yVAOBw,Spectra Ocean Dream Circuit,Starjunk 95,Spectra Ocean Dream Circuit,3:15,0
exAfcktnzVA,What Could Have Been (from the series Arcane League of Legends),Sting & Ray Chen,Arcane League of Legends (Soundtrack from the Animated Series),3:34,0
16H5JIDpqKU,Follow the Stars,Swingrowers,Hybrid,3:20,0
XNOYiR8qk84,Neon Nightlife (Disconauts),Teamfight Tactics,REMIX RUMBLE (Original Soundtrack from Teamfight Tactics Set 10),3:25,0
1drmOkBs30o,"Lights, Camera, Action! - Studiopolis Zone Act 1",Tee Lopes,Non-Stop Music Selection Vol.1,3:07,0
tMVl0WZH3GY,"Bob-Omb Battlefield (From ""Super Mario 64')",The 8-Bit Big Band,Press Start!,3:48,0
wKfOA9sgfO8,Alastor's Game,The Living Tombstone,Alastor's Game,3:05,0
vBjscyFC3jo,Attack of the Killer Queen (feat. Lena Raine & Marcy Nabors),Toby Fox,DELTARUNE Chapter 2 (Original Game Soundtrack),2:00,0
Q9kDr4na0ls,Death By Glamour,Toby Fox,UNDERTALE Soundtrack,2:15,0
GPL5Hkl11IQ,Rude Buster,Toby Fox,DELTARUNE Chapter 1 (Original Game Soundtrack),1:16,0
zLXF_K09lqM,Player 2,Toni Leys,Thiele,3:04,0
0zqkjvioSzE,Thunder Launcher (feat. Tee Lopes),Toni Leys,Thiele,4:35,0
OfcjoAYUXWk,Hit The Ground Running (Jredd's Act 2),Toni Leys & Jredd,Blast Processor,2:56,0
N_-0eTh2VMI,CheetahMen,VG Cover Junkies,Project: Action 52,4:24,0
g35n9z7Qs1o,"Castlevania 2 Theme (Bloody Tears) [From ""Castlevania II: Simon's Quest""]",Video Game Players,40 Classic Video Game Songs,1:19,0
DpyD86CUY5U,Donkey Kong Country Theme,Video Game Players,40 Classic Video Game Songs,2:02,0
1Kxb3uBWN9M,REBLACK,Yoshiaki Dewa,Zom 100: Bucket List of the Dead (Soundtrack from the Netflix Film),2:06,0
vV7OmRpgXh4,Qilin's Prance,"Yu-Peng Chen, HOYO-MiX",Genshin Impact - The Stellar Moments (Original Game Soundtrack),1:41,0
pqDqIMUo2OU,ダイヤモンドは砕けない～メインテーマ～ - Diamond is unbreakable - Main Theme,Yugo Kanno,JOJO'S BIZARRE ADVENTURE -Diamond is unbreakable O.S.T Vol.1 -Good Morning Morioh Cho- Music by Yugo Kanno,4:08,0
T-nKIYApax8,チームの地力,Yuki Hayashi,TVアニメ「ハイキュー!!」 オリジナルサウンドトラック 2,2:58,0
vidvwDQabpc,エンジン,林ゆうき,TVアニメ『ハイキュー!!TO THE TOP』オリジナル・サウンドトラック,2:06,0
zrbGIJ8eS4s,カモメ,林ゆうき,TVアニメ『ハイキュー!!TO THE TOP』オリジナル・サウンドトラック,2:06,0
jgvo_73IqdI,視点,林ゆうき,TVアニメ『ハイキュー!!TO THE TOP』オリジナル・サウンドトラック,2:15,0
QJkTqC-JMmc,Loverboy,A-Wall,Loverboy,3:45,0
TpqGgg-ywyA,hours,again&again,hours,3:02,0
M7X8W1HbtRQ,World's Smallest Violin,AJR,OK ORCHESTRA,3:01,1
dI5JaT6gjvw,Here,Alessia Cara,Know-It-All,3:20,0
zlqCNTVceyE,Thinking About You,"Axwell /\ Ingrosso, Sebastian Ingrosso",More Than You Know,3:25,0
bMQN-uJa2Ac,Supalonely (feat. Gus Dapperton),BENEE,STELLA & STEVE,3:44,1
YFsVa_-A_as,GIRL LIKE ME,Black Eyed Peas,TRANSLATION,3:43,1
JmNp-7yiRpQ,Baby I'm Yours (feat. Irfane),Breakbot,By Your Side,3:36,0
Q-erYa8cwnc,Boy with Luv (feat. Halsey),BTS,MAP OF THE SOUL: PERSONA,3:50,0
EO1Q7SAThNQ,Demasiadas Mujeres,C. Tangana,El Madrileño,2:34,0
-BUGnCRbQPs,Cereal (feat. ZICO),Crush,wonderlost,3:39,0
4D7u5KF7SP8,Get Lucky (feat. Pharrell Williams and Nile Rodgers),"Daft Punk, Pharrell Williams, Nile Rodgers",Random Access Memories,6:10,0
XwuMIBK8Zqw,World In My Eyes,Depeche Mode,Violator,4:27,0
N5SC0seO8jg,Middle,"DJ Snake, Bipolar Sunshine",Encore,3:41,0
M4T_k33CI1M,Cake By The Ocean,DNCE,DNCE,3:40,1
pARorXfG3Sc,Toothbrush,DNCE,DNCE,3:52,0
mEhYtnHQAUw,Say So,Doja Cat,Hot Pink,3:58,1
WZvr2VyQaVc,Woman,Doja Cat,Planet Her (Deluxe),2:53,1
5LFB3qdmZBM,One Dance (feat. WizKid & Kyla),Drake,Views,2:54,0
AtUoSrQuUNg,Mía,Eddie Santiago,Salsita,4:42,0
MCJP4pAszI0,American Boy (feat. Kanye West),Estelle,Shine (Deluxe),4:45,1
Eqn7OPkqBXw,Love On Myself (feat. Calum Scott),Felix Jaehn,Love On Myself,2:50,0
JHOJNGxiOTo,Can We Try Again,Gloria Tells,Fly Back to Me,3:14,0
agvo2zC1fq8,Can't Make Up My Mind,Gloria Tells,Shine On You,3:07,0
QwzK_fjR0G4,Give in to Me,Gloria Tells,Give in to Me,3:20,0
HKJx07Z7mwk,Grow,Gloria Tells,Out Of Control,3:22,0
pwfjmIKuIP8,Grow Up,Gloria Tells,Out Of Control,3:17,0
bsBlkLNb_rg,Heartbreaker,Gloria Tells,You Like It,3:06,0
nxV6_Hx0s50,I Got What You Want,Gloria Tells,I Got What You Want,3:25,0
J6eusq0HGOw,Looking Back,Gloria Tells,Shine On You,2:57,0
ogI5bRISFHw,Out Of Control,Gloria Tells,Out Of Control,3:05,0
f6325qwWaQo,Real Low Low,Gloria Tells,Out Of Control,3:41,0
cziX031g0eE,Say It To My Face,Gloria Tells,Gloria,3:41,0
bwOh_LvHdA0,Shine On You,Gloria Tells,Shine On You,3:19,0
rM9O5Sh8vgU,Stays The Same,Gloria Tells,Out Of Control,3:02,0
QfQWsr8A8Y8,What's In It For Me,Gloria Tells,Gloria,3:23,0
LK70tiSGCmU,You Can Have It All,Gloria Tells,Shine On You,3:17,0
CNN9DNUj90w,You like It,Gloria Tells,You Like It,3:02,0
K03lsjW0HQk,New Gold (feat. Tame Impala & Bootie Brown),Gorillaz,Cracker Island,3:36,1
xOazTYPrt64,Somebody That I Used To Know (feat. Kimbra),Gotye,Making Mirrors,4:05,0
GfQlfGyATpE,Tick-Tack,ILLIT,I’LL LIKE YOU,2:10,0
2yrxdynqoZg,Speechless,J'calm,NICHE,3:10,0
GieQq3eWSnE,Virtual Insanity,Jamiroquai,Travelling Without Moving,5:41,0
rbNKktf8bUY,Take You Dancing,Jason Derulo,Nu King,3:11,0
SbVh4JU5Z_A,Honeypie,JAWNY,For Abby,2:16,0
WMK3JXG3Fx0,Infinity,Jaymes Young,Feel Something,3:58,0
QCPOKxoZqJw,Cambia el Paso,"Jennifer Lopez, Rauw Alejandro",Cambia el Paso,4:06,0
sQtnhwU2R9Y,All of Me,John Legend,Love In The Future (Expanded Edition),4:30,0
C8dwPIRcqlI,Bachata En Fukuoka,Juan Luis Guerra 4.40,Asondeguerra,3:12,0
txy2nFR95T0,Alguien,Julio Iglesias,Un Hombre Solo,3:27,0
2RBhN09ZQdc,Bang Bang (feat. Adam Levine),K'NAAN,Troubadour,3:07,1
zqvDXXjKGIw,quiero sentirme bien,Kali Uchis,Sin Miedo (del Amor y Otros Demonios) ∞,3:43,0
DCEVC_sr5Go,telepatía,Kali Uchis,Sin Miedo (del Amor y Otros Demonios) ∞,2:41,0
HVe6gzyCo4s,LOCATION,"KAROL G, Anuel AA, J Balvin",LOCATION,4:26,1
PVWqSWmzgYA,Ladies Night,Kool & The Gang,Ladies' Night,6:26,0
A0Dax5_6UQo,Thrill Is Gone,Kovan,Thrill Is Gone,3:34,0
gtpl0BLv-pE,Be Right Here (feat. GOLDN),"Kungs, StarGate",Be Right Here,3:11,0
1unbWWRmjLY,Alright (RAC Mix),KYTES,Alright (RAC Mix),3:16,0
6DxT4cC2CLA,A Guevo A Guevo,"La Makulada, La Grimita, & TOLO DESAPARECELO",A Guevo A Guevo,1:49,1
h8DeZSB2o-c,From The Start,Laufey,Bewitched,2:50,0
NiqzAybAlqM,Love For You,"LOVELI LORI, ovg!",Love For You,2:51,0
HCv86jWOsKc,"Genius (feat. Sia, Diplo & Labrinth)",LSD,Genius,3:34,0
wp_lKkWoyfI,HIP,MAMAMOO,reality in BLACK,3:16,0
tp8WZuJZh8o,Play Date,Melanie Martinez,Cry Baby (Deluxe Edition),3:00,1
h9O6evrxuzo,Billie Jean,Michael Jackson,Thriller 25 Super Deluxe Edition,4:54,0
FkxEE7wZ83c,Love Never Felt So Good,Michael Jackson,XSCAPE,4:07,0
c1ZCYY-4lAM,Cheri Cheri Lady,Modern Talking,Let's Talk About Love,3:47,0
HeWJX2-esPE,Bailar Contigo,Monsieur Periné,Encanto Tropical,3:39,0
eZCWyFNV_ZM,Sunroof,"Nicky Youre, hey daisy",Sunroof,2:44,0
xsdTzjogYBM,Alien Boy,Oliver Tree,Ugly is Beautiful,2:45,1
EUm7CHX0qRE,Alien Boy,Oliver Tree,"Ugly is Beautiful: Shorter, Thicker & Uglier (Deluxe)",2:45,1
mzhbRUniU4U,Life Goes On,Oliver Tree,"Ugly is Beautiful: Shorter, Thicker & Uglier (Deluxe)",2:42,0
9YvkFX3AML4,Attracted to You,PinkPantheress,Attracted To You,1:08,0
jDVGSXE0fEA,Todo de Ti,Rauw Alejandro,VICE VERSA,3:20,1
Ul2sbfWeXos,Dame Un Break,Rawayana,Dame Un Break,3:21,0
0ZxDuW0cOmE,Dolores,"rusowsky, Ralphie Choo",Dolores,3:39,0
BSisM2kwpnk,Renee,SALES,Renee,3:00,0
R7GsuqCTnQc,Mais Que Nada,Sergio Mendes & Brasil '66,Herb Alpert Presents Sergio Mendes & Brasil '66,2:39,0
aijEJ-sFcb8,Cásate Conmigo,"Silvestre Dangond, Nicky Jam",Cásate Conmigo,3:30,0
yYfzC8cY4j8,Rhythm Is a Dancer,SNAP!,The Madman's Return,5:33,0
0KL0Efvx_kM,Is This Over (feat. Revel Day),spring gang,Take Whatever,3:02,0
djy_CTpdt8Y,Ride with You (feat. Andy Delos Santos),spring gang,Ride With You,3:34,0
b__tn_Vrg3w,Until It's Over (feat. Mia Pfirrman),spring gang,Like A Queen,3:20,0
I1d09EGHDdU,drown (feat. Tom Frane),STIM,blood moon,2:41,0
Xv9InPzAYbA,Cradles,Sub Urban,Cradles,3:30,0
mT17rHLolzk,Come With Me,"Surfaces, salem ilese",Pacifico,3:30,0
YifOMt9dlGk,Eventually,Tame Impala,Currents,5:19,0
PvM79DJ2PmM,The Less I Know The Better,Tame Impala,Currents,3:37,1
4Kvc6GG5KN0,My Sunny Day,"Ted Fresco, Lyn Lapid",My Sunny Day,2:10,0
u6DxHN-rwKE,Money,The Drums,Portamento,3:54,0
Ao81ziiXHhs,Sweater Weather,The Neighbourhood,I'm Sorry...,4:01,0
-DFc9M52KQM,Like You (feat. NeiNei),Velveteen,Like You,2:50,0
1Xfdjqa5dfY,Wait a Minute!,WILLOW,ARDIPITHECUS,3:17,0
nOThN4HtBtM,El Bolero,"Yami Safdie, Milo J",Dije Que No Me Iba a Enamorar,3:27,0
zjb6UUlsoOk,Juice,"Young Franco, Pell",Juice (Remixes),3:32,0
euYS4ldiMjc,Bad Boy,"Yung Bae, bbno$, Billy Marchiafava",Bad Boy,3:08,0
5-s_fBMM5B0,Must Be Love,Yung Bae,Must Be Love,3:01,0
UWj5MfWBF1Q,Sorry Not Sorry,Zay,Sorry Not Sorry,3:01,0
0afknoccAW0,TRALALERO TRALALA FUNK,"$TALWART, QUANTØM",TRALALERO TRALALA FUNK,1:23,0
CanyX3A1nSQ,LIQUOR STORE,"Adi T, SCREW",LIQUOR STORE,3:29,1
rDAAs3Ka3Mo,Want To Love (Just Raw),Aloboi,Raw Tracks and Reworks,1:22,0
6id2V16vS3E,dança zip,"Ariis, Duduzinho",dança zip,1:50,0
ES2uCkpgyQ0,Late Checkout (Extended),"Armin van Buuren, W&W",Late Checkout,4:45,1
P83lExcxujc,Elf Girls Song (Brazilian Phonk),Bemax,Elf Girls Song (Brazilian Phonk),1:18,0
GAwdKvAI67I,Laced the Wedding Cake with Fentanyl (Sped up),Brncll,Laced the Wedding Cake with Fentanyl,2:20,0
Sn3HvV_kkns,Miss The Rage (Instrumental),Cardo Grandz,I Am Vamp Music - A Tribute To Playboi Carti,3:57,0
a0bCNrOvjNQ,Samba De Janeiro,Carrilio,Ibiza Mix '97,3:23,0
AU9nh_Sq0nI,Funk Da Montanha (Slowed),"chipbagov, SCARIONIX, IMMORTAL PLAYA",Funk Da Montanha,1:36,0
eeNv4wf2D1U,love nwantiti [Remix] (feat. DJ Yo & AX'EL),CKay,love nwantiti (Remix),3:09,0
GMh-mTTOnkg,EEYUH! x Fluxxwave (Slowed + Reverb),"Clovis Reyes, HR, Irokz",EEYUH! x Fluxxwave,1:55,0
TQXHruZzLQM,Untrust Us,Crystal Castles,Crystal Castles,3:07,0
tj2N0QA50jc,DJ All Night Dance Mix,DJ All Night Dance Mix,DJ All Night Dance Mix,4:00,0
UNAv6VthKP4,Montagem Lunar Diamante 2 (Slowed),"DJ DYLANFK, WXCHSXN",Montagem Lunar Diamante 2,2:35,0
ZRaP9uQbXiE,Beeper Funk,"DJ Paulinho Mondi Da Baixa Baviera, MC Vitorioso",Beeper Funk,1:23,0
1HEBLfWb2ZE,Mojito (Remix),"DJ Ramzess, Veason",Mojito,2:18,0
9Zed0ZBeVlo,DOORS LIGHT FUNK,"DJ VTTT77, DJ VYZ, Mc Rd",DOORS LIGHT FUNK,1:28,1
2nrpHr7vMLM,BIENVENIDOS A VENEZUELA 2,Dj Yonaiker Jhosany,BIENVENIDOS A VENEZUELA 2,3:12,0
OSbhFr5TzkQ,Close Eyes,DVRST,Close Eyes,2:13,1
JuWmE0qX9QA,345 (GET IT),ERISTHEPLANET,345 (GET IT),1:39,1
4qIe7upr054,...see you to_no_more,Eslxst,...see you to_no_more,5:09,0
43HK-seUbJs,SPOOKY,"fennecxx, DJ ALEX",SPOOKY,1:37,1
cygu65ytwTc,ALL MY FELLAS,Frizk,ALL MY FELLAS,2:22,0
rEvLXFlMvmo,Nostalgic Feeling - Slowed + Reverb,"gabriawll, PHONYMANE",Nostalgic Feeling,1:53,0
wi9_TxWBXF4,MONTAGEM VOZES TALENTINHO,"heapper, DJ JUAN, Mc Luizinho",MONTAGEM VOZES TALENTINHO,1:24,0
RNElZfQ2zJA,MONTAGEM VOZES TALENTINHO (Super Slowed),"heapper, DJ JUAN, Mc Luizinho",MONTAGEM VOZES TALENTINHO,1:42,0
Jwy49kOBvnc,Yrn,Hector AC,Yrn,1:40,0
kvHvxKHYMBA,Sahara,Hensonn,Sahara,2:52,1
Za07yT2Yigw,Hanemiya,Jazz Oikawa,Hanamura,3:01,0
GzExS7WybJg,Vem Vem,"Jmilton, MC Xangai",Vem Vem,1:24,1
nn_uK2qAdtw,Dioma,Jnathyn,Dioma,3:52,0
w1cUk-jt8go,Chess (Type Beat),joyful,Chess,2:01,0
iw3WDEmtu3g,matchmakers,"joyful, Carpe",KIT & FEM,1:50,0
zaaIZ2cp-FU,Flip Reset,"Kaskade, WILL K",Flip Reset,3:08,0
LfgNorryffc,Nightcall,Kavinsky,OutRun,4:18,0
jpBhyffxMbA,Abang Banting Dedek Bang (Breaklatin Remix),"Kecik Imba, Wawan D'cozt",Abang Banting Dedek Bang (Breaklatin Remix),7:43,0
XgJZdi6I9SE,KAMAMESHI,LCONDATRACK,KAMAMESHI,2:40,0
xGxj2iHAtzE,Red Sun in the Sky,Mao Ze Dong,Red Sun in the Sky,3:59,0
dwattiWiacs,2 Phut Hon Funk,"MGD, KhangMxne",2 Phut Hon Funk,2:26,0
L8u_z4AaXRs,MONTAGEM XONADA,"MXZI, Dj Samir, DJ Javi26",MONTAGEM XONADA,1:16,0
j_lhu0Nq3_g,SPACE! (Super Slowed) (feat. DRAWMEDEATH),NAOMI,SPACE!,1:50,0
zQjgD3WlUTE,Funk de Beleza (Slowed),"Nateki, Scythermane, MC MAYAH",Funk de Beleza,2:26,1
2pnenyGqkAo,Kaede,Nhato,"Essential Guide: Progressive Trance, Vol. 6",6:49,0
mcDqfUIzNjY,Memes,NIVIRO,Memes,2:57,0
EIjPV4DIIBI,GLORY (Slowed),Ogryzek,GLORY,2:51,0
1aAY7EI3u8c,Call Me (Slowed),plenka,Call Me (Slowed),2:41,0
54W4SfPQ1tY,prolly my spookiest beat (sped up),prodby668,prolly my spookiest beat (sped up),2:01,1
8Lvk8iTKlF4,mordecai,ptasinski & RJ Pasin,atman,1:50,0
NUnXxh5U25Y,Everything In Its Right Place,Radiohead,Kid A,4:12,0
0lMNYbwMTFg,MTG CONTROL,RITMO DE SC,MTG CONTROL,2:47,0
H5_XMHlT3n8,Another Chance,"Roger Sanchez, Oliver Heldens",Another Chance,4:15,0
ynImqcy1hmA,BAD PARENTING FUNK V2,"Sayfalse, DJ CEREJASS, ßino",BAD PARENTING FUNK V2,1:19,0
I1Dl18kj9vU,Life Aint,Scooby,Drill in Beats,3:14,0
IX7OlT-jKAc,Test & Recognise (Flume Re-work),Seekae,Test & Recognise (Remixes),5:04,0
KJoYBw5tJOc,Goth (Slowed + Reverb),Sidewalks and Skeletons,Goth (Slowed + Reverb),4:13,0
nSjIN34QTI4,envy (slowed),slxughter,envy,2:07,1
-HElwbEsmWc,HOW 2 GET AWAY WITH MURDER,South Arcade,HOW 2 GET AWAY WITH MURDER,2:59,0
4yI2xpGLA8s,"Red Light, Green Light","Squid Kids, 71 Digits","Red Light, Green Light",2:12,0
rymYToIEL9o,Borderline,Tame Impala,The Slow Rush,3:58,0
sM7Re0gfCWg,Snowdream,Trashiii,Summit,1:47,0
iIUjpatokVs,Crystal Skies,"VXLLAIN, iGRES, ENXK",Crystal Skies,2:49,0
IGeoqavuYIw,Memory Reboot (Slowed),"VØJ, Narvent",Memory Reboot,3:57,0
ZdNd4r_TSIU,LOVELY BASTARDS,"ZWE1HVNDXR, yatashigang",LOVELY BASTARDS,1:57,1
wbJtCvwnfiY,Dead Inside,АДЛИН,Dead Inside,2:05,0
8sebqe3sbKM,Rainy Season,2 Mello,Superliminal: The Lo-Fi Mix,1:41,0
Ej_onDLqCPA,Ji-Eun's Sunset,City Girl,Neon Impasse,2:49,0
Cf06nFHgMhE,lazy river,hi jude,Sun Swells,2:07,0
2THlfaAo2dg,Bullet Train Fantasy (feat. Luvbird),Ibrahim,Bullet Train Fantasy,4:06,0
-DxdgA0-Chk,Dancing in the Scintillation,Ibrahim,Dancing in the Scintillation,4:43,0
stkMIPJKzrw,Snowfall,Ibrahim,Cinnamon,1:14,0
1tjyLVM33nM,Isla Bella,Kendall Miles,Isla Bella,1:55,0
MFzwgG4B5X0,technicolor,Kudasaibeats,White Noise,4:03,0
Ggddxkj8tU0,The Girl I Haven't Met,Kudasaibeats,Falling,3:15,0
MXO8ftmr0PY,Passage,L'Indécis,Passage,4:07,0
fs0BCIUQ7Ws,Soulful,L'Indécis,Playtime,3:41,0
vzNrvMgjSqI,Oncle Jazz,Men I Trust,Oncle Jazz,0:58,0
dCSXlFM5aS0,Azure,"Phlocalyst, Sátyr",Azure,2:06,0
q15nrlS37ss,Take a Sec,"Phlocalyst, Inf",Take a Sec,2:50,0
UXRBKJCwvdg,Be (feat. rav),potsu,Reaching For a Star,3:57,0
FSnuF1FPSIU,bossa uh,potsu,ivy league,3:31,0
oWcxzZ3yrlM,driveby,potsu,ivy league,2:27,0
qdmN4rZbzVY,food court,potsu,just friends,2:16,0
K-VoheJSUd8,for what,potsu,ivy league,2:59,0
bnrQennlpqo,heatwave,potsu,just friends,2:22,0
qOif_ni_9zc,just friends,potsu,just friends,2:53,0
axfEhkENUgQ,letting go,potsu,just friends,3:19,0
JBPPnjCipyE,sunny,potsu,ivy league,3:28,0
7_euF2Y-cIE,take me there (feat. Chance Thrash),potsu,just friends,3:11,0
CUEHRYaTM1k,Coffee Break,Ruck P,Chillhop Essentials Fall 2019,3:31,0
8TzKhcyNUnM,Flowers,The Deli,Vibes 3,3:08,0
fikLco5WKjU,Rose Dr,through & through,Youth.,2:00,0
7JWKwNmDqdo,home,".diedlonely, Jay Karin",home,1:11,0
6hxsSsZbDCY,Catching Eyes,49th & Main,Catching Eyes,4:10,1
TxgjsTE7A4o,Things I Thought Were Mine,Alfie Templeman,Happiness in Liquid Form,3:14,0
68PJE0sOsyw,Horse Society,andhim,Tosch,6:57,0
VDaw5vsTJr0,Ngeke (Andhim Remix),Armonica,MoBlack Records presents: Afro House Collection (5 Years Label Anniversary Compilation),6:24,0
s4tVXxfpCJo,Gravity (Flyboy Remix) (feat. French Horn Rebellion),Autograf,Gravity / Dead Soon (Remixes),3:32,0
BCWd4BCcHm0,Rah That's A Mad Question,Barry Can't Swim,Rah That's A Mad Question,3:48,0
lMw0OdOHzvU,Cinema (Radio Edit) (feat. Gary Go),Benny Benassi,Electroman,3:03,0
SeyLNJdmf-0,Let You Go,Biscits,Let You Go,3:28,0
Xw5LZIBYjVg,Take Me Higher,"BLR, NBLM",Take Me Higher,3:20,0
T6sRfIGvncY,Feel The Heat,Bon Lui,Some Nice Lounge Music,5:21,0
uNZuMJg-6gI,Delta,C2C,Tetra,3:45,0
UnKa-FxUIdE,Take It All (feat. Blush'ko),Cabu,Take It All,3:08,0
R7_4wW6K-9s,Black Betty,Caravan Palace,Nouveau jour (Bande originale de la série),3:10,0
Nb4_f_7SRng,Black Betty,Caravan Palace,Black Betty,3:10,0
Fs3jxJtfKQ8,Lone Digger,Caravan Palace,<I°_°I> - 10th Anniversary Edition,3:50,0
j43PGdl03WA,She Wants Me Dead (feat. The High),"Cazzette, AronChupa",She Wants Me Dead,3:24,0
D8a85FeBJpQ,The Limitless Void,City Girl,Chroma Velocity,5:17,0
UUQlqTkPMWM,Give You Up [Darius Remix] (feat. KLP),Crayon,Poolside Miami,5:25,0
NqThf-MpCjs,Gypsy Woman (She's Homeless) (La Da Dee La Da Da) (Basement Boy Strip To The Bone Mix),Crystal Waters,Surprise,7:32,0
MVzENJ7Wano,Even If U Didn't Expect It,Da Vosk Docta,Even If You Didn't Expect It,4:18,0
YJm5pExRkKA,BUBBLE TEA (feat. juu & cinders),"dark cat, juu, cinders",BUBBLE TEA (feat. juu & cinders),4:04,0
EY_laAZCIoM,Freakshow,"Dirty Palm, LexBlaze",Freakshow,2:55,0
e26cixbU7t4,Ultimatum (feat. Fatoumata Diawara),Disclosure,Ultimatum,5:29,0
QMv0InnmAPI,Insomnia (Slowed + Reverb),DJ Breezo,Insomnia,3:36,0
sYZPKwQmJCA,Electric Counterpoint,Elena Càsoli,StrongStrangeStrings,14:43,0
LHUUuDMTZeY,Closer and closer and closer to you (Sped Up),Eufonia,Teenage Love Songs,3:07,0
V5xdv_6zAq0,Flyday Chinatown,EVADE FROM 宇宙,Flyday Chinatown,2:15,0
iuTk8x410mk,LesAlpx,Floating Points,Crush,4:43,0
BTC5M2cDgTE,"Like Minds (feat. Chick Corea, Pat Metheny, Roy Haynes & Dave Holland)",Gary Burton,Like Minds,5:49,0
LLrcN9oK-g0,Woosh,Geoxor,Irreversible,4:06,0
3jTdc0GAJHw,8 Money,Giants' Nest,We're the Tide,3:13,0
dRaXa1OqrYU,Isweeee,GOLFBLITZ,Isweeee,3:19,0
w0zXDQzxMQ4,Organ Tutorials,Gonima,Grids EP,4:44,0
PM5EHnRCvt4,Just Friends (feat. Boy Matthews),Hayden James,Between Us,3:59,1
cecyp3BGH3Y,Tell Me (Ellis Remix),"Haywyre, Ellis",Tell Me (Ellis Remix),2:55,0
JFRAatKpGII,Seeing What's Next (Kev Frey Remix) (feat. Kev Frey),Hollywood Principle,Starting Over (Deluxe Edition),5:06,0
-rleShIR4jE,Can′t Sleep,HypeerTime,MOVE,3:11,0
2PpBU7EfiEY,Headlock,Imogen Heap,Speak for Yourself,3:36,0
Ba1mzFtR_Zk,Mii Channel Theme (feat. Gabe Nekrutman & Chris Allison),Insaneintherainmusic,Mii Channel Theme,5:13,0
AcSrLl2koIE,Delight,"Jamie Berry, Octavia Rose",Delight,5:44,0
JWp4JXc_0uY,Lost In The Rhythm,"Jamie Berry, Octavia Rose",Lost In The Rhythm,3:07,0
TaySTpSqhdA,Wild Slide,Jules Gaia,Tuppence,2:52,0
HarFL8DraYU,Beyond the Sky (feat. Lyrit),ken sato experience,ATTENTION,3:49,0
Ww6zOUUOKxs,Get This (Bang Bang),Klischée,Get This (Bang Bang),3:46,0
bIgM6XV-IPk,Swing It Like Roger,Klischée,Bend the Rules,3:17,0
ShPNc_uUJV0,Leaf,KV,Leaf,2:41,0
74apPzmkOdQ,Life,KV,Life,3:10,0
OxVK-U7g1Z4,Better Days,LAKEY INSPIRED,Better Days,3:28,0
rFgnaP_-dCU,Unattached (Extended Mix),Le Youth,"Nothing But... Progressive Vibes, Vol. 12",6:00,0
SW85xNogfrU,Virgo,Le Youth,Virgo,5:24,0
CRbGXm0Td-Q,Intro (feat. Babidi),"LEALL, Rock Danger",Eu Ainda Tenho Coração,0:43,0
d3_QkYA99NQ,DONTHOLDBACK,LemKuuja,DONTHOLDBACK,3:51,0
qChorkA4qTg,Let's Go!,Lensko,Let's Go!,3:27,0
AS2hJZn2Gbw,Darling - Instrumental,LeoKarlo,Darling (Remixes),3:01,0
btfIJ-kmQPA,YourLove,Logic1000,Safe In My Arms / YourLove,2:53,0
Bj6CWJa2eTI,Grow And Flourish,Lonov,Closing Circles,6:22,0
cgFdiQPcO8I,In the Evenings (Hidden Spheres Remix),Loure,Westside Movements,5:44,0
Mn7iA5AjFOc,Step In,Loure,Westside Movements,5:50,0
TIxGKLwbdSI,Vue,Loure,Westside Movements,5:59,0
8Xa5nTEsI9c,I Follow Rivers (The Magician Remix),Lykke Li,I Follow Rivers (The Magician Remix),4:40,0
Hsh0VWUnL-c,No Fear No More,Madeon,Good Faith,3:16,0
enMBCPXlm2E,Afroke,MAESTRO KEICY,Afroke,4:59,0
Jse6IbwOxRI,Dream Game,Marco Bertek,Dream Game,5:23,0
JDJGXwZlkb0,Forbidden Voices,Martin Garrix,Forbidden Voices,3:48,0
BM4WyjfRVP4,You Tell Me,Melih Aydogan,You Tell Me,4:53,0
lCpWOj4i-hI,Airmax Violin (Air Max),MESTA NET,Airmax Violin (Air Max),2:21,0
rWDXPfPOcWU,WONDER POP,Moe Shop,WONDER POP,6:07,0
_ZgJnhpeXcc,Popcorn Funk,Monstaz.,Popcorn Funk,4:05,0
qgBEDKDfYCI,Giffin,Mr. Scruff,Trouser Jazz,5:57,0
_XmPE2EKPHo,Kalimba,Mr. Scruff,Ninja Tuna,5:52,0
oLqPhxb3c-k,Wetlands,Nora En Pure,Wetlands,2:24,0
VJ7c0Fnxe9c,Know Myself,Pacurka,Focus My Self,3:23,0
vVcQNC-FGOo,Peace and Tranquility,Pascal Michael Stiefel,A Hat in Time (Seal the Deal + Nyakuza Metro),3:01,0
IJADTkFpRfM,PH2 One Note Samba Dean Martin & Caterina Valente,Patrick PH,PH2 One Note Samba Dean Martin & Caterina Valente,5:04,0
98bzfX6PnF0,It Makes You Forget (Itgehane),Peggy Gou,It Makes You Forget (Itgehane),6:36,0
QCldKxiFbD8,Swing,Peyruis,Swing,3:08,0
3mspQ94fR0M,Es rappelt im Karton,Pixie Paris,Es rappelt im Karton,3:25,0
QRMwa7WVb3k,Forget,Pogo,Kindred Shadow,2:45,0
ME4WKyH4-U8,"Harder, Better, Faster, Stronger",Pomplamoose,"Harder, Better, Faster, Stronger",4:09,0
sf2s8US-Pfw,Ride It,Regard,Ride It,2:38,0
n1y6kzc2_b4,Where You Go,RLX,Where You Go,4:58,0
Lk7pspBUK70,K.O,Rocket Jr,U And I,3:32,0
yThjAivwiWw,U and I,Rocket Jr,U And I,3:14,0
_BWPNPtsZm8,Eternal Youth,Rude.,Eternal Youth,3:26,0
Z28jtA4Cjvw,Assumptions,Sam Gellaitry,IV,3:41,0
BnBNJo1Lqrc,Assumptions (slowed down version),Sam Gellaitry,Assumptions (slowed down version),4:39,0
_tMsK3bYsWI,sketches,Seb Wildblood,sketches of transition,4:04,0
2cGGnZybvTA,Among Us,Sembari +,Among Us,1:31,0
JO_oyukyiQA,verdigris,Seraphine Noir & Mauricesax,verdigris,3:21,0
1G0rKy43hm8,Chateau au Gateau!,Seycara Orchestral,Chateau au Gateau!,3:17,0
g2ekPJbN5Bk,Freak,"Skepsis, TS7",Freak,3:46,0
boxtYWyVNDE,Hot Milk,Snail's House,Ordinary Songs 2,4:07,0
E_8HoY2HX1A,Ditzingen (Einmusik Remix),Solee,Ditzingen / Esperanza,8:32,0
VhgzYRpapMQ,Blade Runner 2049,Synthwave Goose,Blade Runner 2049,3:49,0
gw7vrBSBQwk,Jaguar,The Astec Mystic,Submerge Vol.1:Detroit Techno,6:39,0
AVD353UlgCM,The Wine Song,The Cat Empire,The Cat Empire,7:23,0
MURua52_YPg,My Ordinary Life,The Living Tombstone,My Ordinary Life,3:51,0
IHK5U-UG2So,Bloom,Throttle,Where U Are,4:54,0
6fchNJT_J1Y,Cities,Throttle,Where U Are,3:00,0
HP_d0gNPXM8,Japan,Throttle,Japan,3:33,0
z7mnDOGc8NM,Where U Are,Throttle,Where U Are,3:52,0
apM8VlWWcVo,CANTINA,Tokyo Machine & Saxsquatch,CANTINA,2:42,0
uymDaKAJwSc,Tsundere Jazz,Tsundere Labs Inc,Tsundere Jazz,1:53,0
v5o1ikwIe5g,A Trip Around the Moon,Unicorn Heads,A Trip Around the Moon,5:19,0
KT06acweumY,Hunnybee,Unknown Mortal Orchestra,Sex & Food,4:29,0
LWknrOJqGkM,Running Away,"VANO 3000, BADBADNOTGOOD, Samuel T. Herring",Running Away,1:52,0
UGeJoaBYg04,50//50,Vantage,50//50,4:07,0
2kpkdNe1ToU,Lunaria,VDYCD,Lunaria,3:11,0
KnxeIKLy44Q,Da Boing Boing Trak,X-COAST,Da Boing Boing Trak,4:28,0
WUF0qWLnLzQ,Bae City Rollaz (feat. Natvnomvzik),Yung Bae,Bae,3:42,1
-Au1pJf0l7I,Trippy Love,Vexento,Chinese Independent Electronic Music Mix,3:33,0
xj10lRrnjY8,Getcha Love (Remix) - Beat,1 9 6 7,Tuyển tập album Beat 1 9 6 7 #135,4:35,0
5EwrjKoLbEk,Puff Puff Pass (feat. Eugenius),2 of Da Dopest,"2 of Da Dopest, Vol. 1",3:26,1
woFU8DGg1UI,バイバイ YESTERDAY - Bye bye YESTERDAY,3-nen E-gumi Utatan,バイバイ YESTERDAY,4:09,0
8cX0frOwA94,Wandering the Plains,3000m,Super Mario World (Original Game Soundtrack),0:42,0
MRwXrdGYOC8,Dancing in My Room,347aidan,Dancing in My Room,3:01,1
O-Eta9sPOtk,Inténtalo (feat. América Sierra & El Bebeto) [Dj Munki Remix] (feat. América Sierra & El Bebeto),3BallMTY,Inténtalo (Deluxe Edition),5:13,0
N9Q3XpiM2_Y,Ibitbt,3L3D3P,Ibitbt,2:24,1
ibx1XqgdG8I,Virasana,432Hz Yoga,432Hz Power Yoga,3:10,0
fvnxJDr2gtA,Keraunos Killer,4WHEEL,Keraunos Killer,2:08,0
Qn1yo3ofNeM,Cream Sum,51 June,Cream Sum,2:54,1
V_pak5agcaE,Woke,7time,Igloo,1:17,1
GODjkaHu9tU,Na Na Na (Dulce Niña),A.B. Quintanilla III Y Los Kumbia Kings,Fuego,3:26,0
LjtvF_UuRIU,Dancin (Krono Remix) (feat. Luvli),"Aaron Smith, Krono",Dancin (Krono Remix),3:19,0
3LupgkE6cHE,Dame! Dame! Dame!,ABBA,"Oro ""Grandes Exitos""",4:49,0
pa2j0Bh83ms,Gimme! Gimme! Gimme! (A Man After Midnight),ABBA,Voulez-Vous,4:53,0
5mHzaIehRTE,Lay All Your Love On Me,ABBA,Super Trouper,4:35,0
yjo_aXygRDI,Hello,Adele,25,4:56,0
Kcj5-jWxgKs,Let Me Down Slowly,Alec Benjamin,Let Me Down Slowly,2:50,0
oCgLgjD2MGM,Déjate Llevar,"Alex Rose, Lyanno",Sexflix,4:04,0
qeVl_N_oa6Q,Make You Feel,"Alina Baraz, Galimatias",Urban Flora,3:41,0
r65dw_JH3zk,Fitzpleasure,alt-J,Matilda / Fitzpleasure,3:40,0
Tc67zAKUtxE,"Mysterious Messenger (From ""Mystic Messenger"")",AmaLee,"Total Coverage, Vol. 3",1:36,0
Z8O42JTyyiU,Siempre Tú,Ana Gabriel,Soy Como Soy,4:45,0
M4Mpz02_ITw,I'm the One,Andrew Neal,I'm the One,3:51,0
W2g6EJ_1dpg,Retrospecto,Angel Galan,Retrospecto,7:57,0
DVWF72-segc,"Na De Na (feat. Gocho ""El Lápiz De Platino"" & John Eric)",Angel Y Khriz,Showtime,3:23,0
z4kP6WZX_PE,We'll Meet Again,Anlaya Project,We'll Meet Again,7:40,0
WBaqKUODr8o,Tom's Diner,"AnnenMayKantereit, Giant Rooks",Tom's Diner,4:30,0
DQa2gB_bS0M,Mohicans (Radio Edit),"Anthony Keyrouz, Alus",Mohicans,3:41,0
tcONOIqZi2k,Sola,Anuel Aa,Sola,3:15,0
m_Z5AjWZ5Cc,Farra (feat. Yakov Cly),Anyel Cly,Farra,3:46,0
avOkNedtccE,Meltphace 6,Aphex Twin,Drukqs,6:25,0
u_UEYvsHUgQ,Original,Arcángel & Bad Bunny,Ares,4:07,1
Djl9vSaQiUo,"Bicho Loco (Remix) (feat. Noriel, El Alfa, La Manta & Miky Woodz)",Ardilla,Bicho Loco (Remix),5:49,1
GMmLjBhd6bI,"Untitled, Pt. 2",Ari Hest,The Fire Plays,3:43,0
5bZ6hAqaD5E,Be Alright,Ariana Grande,Dangerous Woman,3:00,0
GftZ601-pXs,"thank u, next",Ariana Grande,"thank u, next",3:28,1
eTh1C5gqboM,Il magnifico cornuto: il magnifico cornuto,Armando Trovajoli,Il magnifico cornuto / La mia signora / Le fate (Original Motion Picture Soundtrack),6:35,0
BUX_JNixxZQ,Re:Re: (Single ver.) - Re: Re: Single version,ASIAN KUNG-FU GENERATION,Re:Re:,5:33,0
InfWt4R5-Po,PANZER,Asil Slang,PANZER,2:38,1
YsoZJSA5-3k,Öteki Taraf,Aslı Demirer & Safa Hendem,"Afili Aşk (Original Soundtrack), Vol.1",1:24,0
ZHrD4FOlCe4,Closer,"Au5, Danyka Nadeau",NCS: Alpha,4:13,0
mBbDN3NJ71U,Lied to You,August Alsina,Myself,3:01,1
NQrgT3cJR2Y,Volví,"Aventura, Bad Bunny",Volví,3:51,1
u_ZvaksuHe8,Si Es Trucho Es Trucho (Remix) (feat. Farruko & El Alfa),Axel Rulay,Si Es Trucho Es Trucho (Remix),3:34,1
_nqFmnaTHmA,On The Dance Floor,AyEl the Great,On The Dance Floor,2:00,0
ygcd5iS4Jpg,Dark Thoughts in a Fluorescent Room,B. Hayes,"These Things Take Time, Vol. 1",9:48,0
YVev0EXDSm0,Nothin' on You (feat. Bruno Mars),B.o.B,Nothin' on You,4:29,0
oJ3Z_Rh79lc,"Sexyback (JL , Yvvan Back, Em Pi Club Remix)",Back & Em Pi,"Best Of Samui 10Th Anniversary, Pt.01",5:29,0
J47YIH1XCGE,Everybody (Backstreet's Back) (Radio Edit),Backstreet Boys,Backstreet's Back,3:46,0
EI53SGT_DEQ,Gimme Gimme Your Lovin',Bad Boys Blue,Love Is No Crime,3:52,0
JseJETvMtHY,BAILE INoLVIDABLE,Bad Bunny,DeBÍ TiRAR MáS FOToS,6:08,1
LZID45OSzLA,BENDICIONES,Bad Bunny,LAS QUE NO IBAN A SALIR,2:36,0
tjXkZcgxJDg,Está Rico (feat. Marc Anthony & Will Smith),Bad Bunny,Está Rico,3:36,0
E6tTv625aZg,Ignorantes,"Bad Bunny, Sech",YHLQMDLG,3:31,1
xyWHgMRUi1I,PIToRRO DE COCO,Bad Bunny,DeBÍ TiRAR MáS FOToS,3:27,0
9NUTcUx05nU,¿Cual Es Tu Plan? (feat. DJ Nelson),"Bad Bunny, Ñejo, Pj Sin Suela",¿Cual Es Tu Plan?,4:04,1
-unoHTtVrPA,Hometown Smile,Bahjat,3:11 AM,3:34,0
UCWi1gk7Zto,Himno Nacional de República Dominicana,Banda Sinfónica de Infantería de Marina de Madrid,Himnos Oficiales Latinoamericanos,1:36,0
YsZVZU-98TY,Someone To You,BANNERS,Empires On Fire,3:40,0
CqFTrtyPVR4,"Eine Kleine Nachtmusik, Serenade in G Major, K. 525: I. Allegro",Barrymoore Chamber Orchestra,Vivaldi: The Four Seasons,5:46,0
zwyKQnbDJRg,More Than A Woman,Bee Gees,Saturday Night Fever (The Original Movie Soundtrack Deluxe Edition),3:17,0
qm3vCvNGQZI,Samba de Janeiro (Radio Edit),Bellini,Samba de Janeiro,2:49,0
xJW76gHBhX4,Smack Yo',Beltran,Smack Yo',4:06,1
Ojn1G_-RgYc,Toscana,Ben Samuel,Toscana,8:47,0
HYVWhwkERcQ,Satisfaction (Uk Radio Edit),"Benny Benassi, The Biz",Hypnotica (UK Edition),2:24,1
cgSv3MOFdic,Funny Song,Bensound,Funny Song,3:08,0
eClt4J7Zt2A,Rockstar Made (Slowed + Reverb),benz,Rockstar Made (Slowed + Reverb),3:11,0
QJ6IyO8LL1U,Sin Tabú,Big Soto,Sin Tabú,2:39,1
4M1XscYZbjg,Skrt,Big Soto,Young Cream,3:25,1
zDe7LbA5U40,No Molly,Bigbabygucci,No Molly,1:48,1
l_bVwZLnJoI,Mover,BL@CKBOX,"Best Of BL@CKBOX, Vol. 1",6:27,1
7yzKTqj4xdM,Everybody Everybody,Black Box,Dreamland,4:08,0
RStNKJIfhjE,Trndsttr (Lucian Remix) (feat. M. Maggie),"Black Coast, M. Maggie",Ultra Chilled 2016,3:00,0
N7jY4XUxm1I,idfc,blackbear,dead,3:28,1
9jwW2Jxmyho,Hay Lupita (Version Merengue),"Blade Urbano, RikaBanda",Hay Lupita (Version Merengue),2:38,0
SLbUuP_KCz0,Wii Shop Channel,Blue Brew Music,Wii Shop Channel,2:52,0
7_EeCkHs-e0,Bezos I,Bo Burnham,INSIDE,0:59,1
n9DmdAwUbxc,What You Won't Do for Love,Bobby Caldwell,What You Won't Do for Love,4:47,0
5Z0dxsFmX7c,Rasputin,Boney M.,Nightflight to Venus,5:52,0
1crMUfqH6i0,Una Fotografia (feat. Sergio Vargas & Grupo Mania),Bonny Cepeda,Dance It! - Bailalo!,4:08,0
KdmT2hNcTzo,Touch!,BOY MEETS GIRLS,Touch!,4:08,0
P6-9zadaZqc,En Perte,BoyBandit,Neant II,2:49,1
wrIf_J2TdrM,Wings,BoyBandit,Wings,2:00,1
HP5XR0LiCYI,Descer Pra BC,"Brenno & Matheus, DJ Ari SL",Descer Pra BC,2:47,0
nHDk7ChO0Ro,Electricity (feat. Ya Boy),Brian Anthony,Electricity (featuring Ya Boy),3:39,0
wZm8TUbA_U0,CREEP,Brian Justin Crum,CREEP,3:59,1
sQ5LdCAFqsw,Pixels,brianjcb,Pixels,2:00,0
zuaBRqUBhyw,Locked out of Heaven,Bruno Mars,Unorthodox Jukebox,3:54,0
JucvYrdSIcM,That's What I Like,Bruno Mars,24K Magic,3:27,0
Cku_LQM7VjY,Tanta Falta,Bryant Myers,Tanta Falta,3:02,0
oBFXBDCN7Tc,Punto G (feat. Darell),Brytiago,Punto G,4:01,1
DcXT6BxxlUE,Talamanca,BURNS,Talamanca,3:07,0
dYQv1YomNPk,Touch It,Busta Rhymes,The Big Bang,3:35,0
eLOH-1uYt9w,Past Lives,BØRNS,Candy,4:32,0
F8Bu4_jMhnM,No Hay Nadie Como Tú (Clean Version) (feat. Café Tacuba),Calle 13,Los De Atrás Vienen Conmigo,4:54,0
79XMDvJm3Yk,La Vaca Lola,Canciones infantiles para niños 2025.,La Vaca Lola,2:24,0
5zHOYNTLSx4,"Adagio for Strings, Op. 11","Capella Istropolitana, Samuel Barber","Cinema Classics, Vol.  1",7:51,0
_Cy_TjX9MV8,Young Girl A,Carameii,Young Girl A,4:26,0
yi4d7Ubz44o,I Like It,"Cardi B, Bad Bunny, J Balvin",Invasion of Privacy,4:14,1
3nKg7xL-hKU,Dance Monkey,Casadilego,CASADILEGO,3:28,0
36WwyyhO_uU,Ta To Gucci,"Cauty, Rafa Pabön",Ta To Gucci,2:55,1
h4O1TFDNmyI,Ta To Gucci (Remix),"Cauty, Brytiago, Darell, Cosculluela",Cauty VS Young Cauty,5:05,1
RHQVQ8U24ws,Wo bist du,CeeJay68,Wo bist du,2:45,1
Gio762NNKy8,Biembo (BUBBALOO) (Remix),"Ceky Viciny, Bulin 47, & Los Menores VF",Lava Urbana 2021,3:15,0
lJkz39pDi0g,キヅアト - Kizuato,Centimillimental,Kizuato,4:04,0
1oj5g9hrB40,Give It To Me,Cesqeaux & Tisoki,NCS: The Best of 2023,2:47,0
ffqliB42Nh4,We Don't Talk Anymore (feat. Selena Gomez),Charlie Puth,Nine Track Mind,3:38,0
awltqnpo-ww,Wake Up,Cheese People,Cheese People,1:21,1
4BQR3Q19CJw,INFELICES,"Chelsy, Nino Freestyle",INFELICES,3:15,0
BZLZ0bCpH1Q,A Dandelion's Promise (Piano Cover),Chewie Melodies,Chinese Piano Covers (Pt.1),4:33,0
Ro0vTEuSUuo,Beanie,Chezile,Beanie,2:13,0
k49I5m1J6Is,Redbone,Childish Gambino,"""Awaken, My Love!""",5:27,1
SmRbpwigl8k,El Juidero,"Chimbala, Bulin 47",El Juidero,2:48,0
yrHHc7o-njs,"Vatriz (feat. La Perversa, Yailin la Mas Viral & Yomel El Meloso)","Chimbala, Musicologo The Libro, Ceky Viciny, El Experimento (Macgyver)",Vatriz,4:19,0
boCIW_CwDjc,Phototropic,Chime,Phototropic,4:04,0
h4muXbXwxX4,La Rumba Está Buena (Edición Especial),"Chiquito Team Band, Montuno",Sin Rodeos (Edición Especial),4:07,0
x2_zcyJp2mE,Look At Me Now (feat. Lil' Wayne & Busta Rhymes),Chris Brown,F.A.M.E. (Expanded Edition),3:43,1
C7DdmAVXEt8,Psychic (feat. Jack Harlow),Chris Brown,Breezy,3:41,1
NOWlZBTQDlI,Wake (Far Out Remix),Christian Thomas,Charm EP,8:14,0
TA1W-pHNKl8,a thousand years,Christina Perri,a thousand years,4:46,0
WQjGcNBuv30,A Thousand Years [Pt. 2] [The Twilight Saga: Breaking Dawn Soundtrack] (Pt. 2; The Twilight Saga: Breaking Dawn Soundtrack) (feat. Steve Kazee),christina perri,The Twilight Saga: Breaking Dawn - Part 2 (Original Motion Picture Soundtrack),5:06,0
mXBw3SgxkdU,Father Forgive Me,Chvnge Up,Father Forgive Me,5:40,0
J8MnJjKiP8o,Zig Zag,Clarx,Zig Zag,3:28,0
-SttFgyRNCI,Symphony (feat. Zara Larsson),Clean Bandit,What Is Love? (Deluxe Edition),3:33,0
oAL0C0jBUQU,Red Head,Cochise,Red Head,2:39,1
9qnqYL0eNNI,Yellow,Coldplay,Parachutes,4:27,0
F64YxXDGLOk,Reborn,Colin Stetson,Hereditary (Original Soundtrack Album),3:52,0
UXro1O6lnAQ,Walk,Comethazine,Bawskee,1:37,1
iMMuTTjO_us,Vibe (If I Back It Up),Cookiee Kawaii,"Club Soda, Vol. 2",1:24,1
bFPd6XCKRcU,Come With Me (Intro),Cosmic Gate,"Live at ASOT 900 (Utrecht, the Netherlands)",9:06,0
GDHLAZ1_CQs,Petit poney,Covers by David fils de Momone,Petit poney,3:34,0
sniVezVELSM,This Side of Paradise,Coyote Theory,Color,4:03,0
fMV1PTNYoAc,OVERTAKEN - Soundtrack from One Piece Original Cover,CRA,OVERTAKEN - Soundtrack from One Piece Original Cover,2:04,0
-qs-z5Zr93M,Jeszcze Nie Idziemy Spać,Cypis,Jeszcze Nie Idziemy Spać,3:17,0
3tmXfSB2dYE,Adictiva,"Daddy Yankee, Anuel AA",Adictiva,3:28,0
fHwbnAeJ6EA,"Lo Que Pasó, Pasó",Daddy Yankee,Barrio Fino (Bonus Track Version),3:31,0
JC_xUGs6sY4,Lovumba,Daddy Yankee,Prestige,3:39,0
Y9uih3sVazg,Neva 2 Much,DanaDane MoreFame & Shawn Hemp,The Free Tape,4:11,0
vvSCnvnYyzo,Loco Loco (2025 Remastered) (feat. Bryal & Juan Parra),Daniel LR,Loco Loco (2025 Remastered),4:28,0
-R4cfUgDRWY,Me Rehúso,Danny Ocean,54+1,3:26,0
DKZIJT-SPfo,She Don't Know (Manoo Remix) (feat. Richard Anthony Davis),Dave Anthony,She Don't Know,7:30,0
9xfYNbqs7vo,DEJA VU (NEW GENERATION MIX),DAVE RODGERS,DEJA VU,4:42,0
PLSqW1nY2lo,perreoteca old urban (feat. david dlc & deejay bandido),david dlc,perreoteca old urban,20:31,1
EZkq6zwvF8w,Enemy,David Fesliyan,Apocalyptic,2:46,0
LRPGqNeav_M,Titanium (feat. Sia),David Guetta,Nothing but the Beat Ultimate,4:06,0
YhTyR3t8T2s,"Merry Christmas, Mr. Lawrence",David Moore Ensemble,Night Music,4:05,0
BSJK2g71jys,History Maker (HITM Ver.),Dean Fujioka,History In The Making,3:10,0
tYtry2YYJ18,Spotlight (feat. AWA),"Deflo, Lliam Taylor",Spotlight,2:35,0
11y3Zsa4BQE,Hera,Destripando la Historia,Hera,2:34,0
4FyqiCCY8a8,Shine Bright,Digital Camel,Endless Dreaming,2:10,0
TnV6ax09O_w,In My Room (feat. TOH SREPPEP),dioboi,YOU MAY WONDER,2:45,1
KNvM9E0GWNs,DEAD MAN WALKING,DJ ATOBZ,THERAPY,5:23,0
PutFpCe8cQQ,3,DJ Cream Cake,Dark Rooms,7:14,0
GlY5G1p5Wk8,Intenso boom boom ( Acompanha o Grave ),"DJ Guuga, Dj Gege",Dj Guuga 2019,2:01,0
G8-3EX34QvY,Wild Thoughts (feat. Rihanna & Bryson Tiller),DJ Khaled,Grateful,3:25,1
x8-YfOENlYg,MTG - INSURDECEDORA 3.0,"DJ LZIN, MC PR, MC GW",MTG - INSURDECEDORA 3.0,2:03,0
W3HHcH2oCsE,Knights of the Jaguar,DJ Rolando,Paradise Garage: Inspirations,6:37,0
hhCzlHSb3Lo,I Want You,Dj Ru D Ru,I Want You,3:41,0
MmqHRGU1AYQ,Get Get Down (Slowed + Reverb),"DJ Shawny, IShowSpeed","Shake, Pt. 2 (Slowed + Reverb)",2:20,1
JCHp5Se9IIs,Let The Party Begin,DJ Shimamura,HYBRID MONSTER 4,4:03,0
exHoQE37Dh0,Island Dream,DJ Skyline Bliss,Chill in Paradise,3:12,0
czpaYKnxqaM,House Music Till'Death,Dj Windows 7,House Music Till`Death,4:24,0
zy2sa6xOah4,Spotlight,DJ Wizk,#Clubquarantine,4:21,0
pBny532R6Rs,Let Me See You Do It Pt2,djflykidd,Let Me See You Do It Pt2,1:49,1
mA_QGnFkUdk,THE REGGAETON (RMX),DJLEO,THE REGGAETON (RMX),9:13,0
ZJX4xrZ_B-A,Forever,Domastic,NCS: Alpha,3:06,0
ZkJHEUKtvXI,No Idea,Don Toliver,Heaven Or Hell,2:35,0
bWMqgnrZL7U,Space II,Dorian Concept,Space II,2:50,0
YCtyO4rSf-Y,Olvida el miedo,DrefQuila,Olvida el miedo,3:00,0
wd9_QCH8Eq4,Don't Start Now,Dua Lipa,Future Nostalgia,3:04,0
OsfAnsMY21M,Levitating,Dua Lipa,Future Nostalgia,3:24,0
jWtFqBqERKY,"Swan Song (From the Motion Picture ""Alita: Battle Angel"")",Dua Lipa,"Swan Song (From the Motion Picture ""Alita: Battle Angel"")",3:03,0
oFrvRiixXcA,Arcade,Duncan Laurence,Arcade,3:04,0
AqHlQL3PoD8,RAVE,Dxrk ダーク,RAVE,2:50,0
YuWrI3KiYi4,El Baile de los Animales,"Dúo Tiempo de Sol, Luli Pampín",El Baile de los Animales,2:56,0
H2j5Kr3pFLo,Sad: Sad,e-soundtrax,Sad,2:08,0
PbpIyn70t8c,"Boogie Wonderland (feat. Earth, Wind & Fire)","Earth, Wind & Fire",I Am,4:49,0
VL4hK-PAubQ,Fantasy,"Earth, Wind & Fire",All 'N All,4:38,0
ltjio4AM2uw,Let's Groove,"Earth, Wind & Fire",Raise!,5:40,0
T1yU1b_xteI,Stay Forever,"Ehrling, Yohanna Seifu",Stay Forever,3:17,0
mmeDg1gtj1Y,アイリス - Iris,Eir Aoi,Fragment (Special Edition),4:08,0
mBOSV9cH3f4,Changes,EKDK & Apollo's Messengers,Changes,8:56,0
LO265F2hk9s,A Correr Los Lakers (Remix) (feat. Arcángel & Secreto El Famoso Biberón),"El Alfa, Nicky Jam, Ozuna",A Correr Los Lakers (Remix),5:48,0
7mxTmc7qQK8,Dema Ga Ge Gi Go Gu,"El Alfa, Bad Bunny",Disciplina (Puerto Rico Edition),3:39,0
BQzoVofaBN8,Mera Woo,El Alfa,El Androide,3:03,1
JR58lSdabw8,Singapur,"El Alfa, Chael Produciendo",El Androide,2:59,1
Qm1OGAKu2zA,Suave (Remix),El Alfa,EL HOMBRE,5:06,0
HoXiHn-1Ni0,Nadie Tiene Que Saber,El Boys C,Nadie Tiene Que Saber,4:40,0
omkF2Rdnfj4,Chacarrón,El Chombo,A Mover el Culo Con el Chombo,3:01,1
WEWV5jh_mrs,"Bobote (feat. La Sabiduria, Gatillero 23, Jc La Nevula & El Bloonel)","El Experimento (Macgyver), Leo RD, El Fecho RD",Bobote,4:08,1
ViJ_yU2F_gY,"Bobote (Remix) (feat. Rochy RD, Quimico Ultra Mega, Bulin 47 & Onguito Wa)","El Experimento (Macgyver), La Insuperable, Ceky Viciny",Bobote (Remix),6:02,1
glC0zZ4G8TI,Teteo (Remix),"El Fecho rd, You R",Teteo (Remix),3:24,1
Q4cAP3ilkiw,Así es la granja,El Reino Infantil,Canciones de La Granja 4,1:58,0
LUv0vpdpu8Y,El gallo y la pata - (Remix),"El Reino Infantil, Emus Dj",El gallo y la pata - (Remix),2:26,0
zocIYM6nBiY,La Gallina Bataraza,"El Reino Infantil, La Granja de Zenón, Duo Tiempo de Sol",La Granja de Zenón Vol. 3,1:58,0
YJdCqMMXcp0,"Pato, Pato, Pato","El Reino Infantil, La Granja de Zenón",La Granja de Zenón Vol. 3,2:13,0
icNeoVFuAVA,Te Ves Fatal,El Trono De México,Corazón Ranchero,3:39,0
7Z7nrEGPjmQ,Con Las Dos,"Eladio Carrion, Ele A El Dominio, Subelo NEO",Con las Dos,4:11,1
iVwDQ8MtEzU,Dame una Hora (feat. El Nene Amenazzy),Eladio Carrion,Dame una Hora,2:47,1
HerxFf0T-Ig,Mula,"Eladio Carrion, Big Soto",Mula,5:09,1
tO0U4cFPF-8,black coffee,Elijah Who,Gentle Boy,1:14,0
4zsVKROnQfY,MIDDLE OF THE NIGHT,Elley Duhé,MIDDLE OF THE NIGHT,3:05,0
0bHfAB_-KUo,This Is What You Came For,Emma Heesters,"Cover Sessions, Vol. 3",3:40,0
6gTxeizjdmI,what falling in love feels like,emptiness,what falling in love feels like,2:48,0
-F4LogVsZ1w,YKWIM? (instrumental cover),"emptiness, Adonai Melodías",YKWIM? (instrumental cover),1:41,0
lve_m8ySaHo,Crystal Dolphin,Engelwood,Crust FM,1:55,0
C2OwN2xD10U,The Game Pizza Theme,ERock,Spider-Man: Web of Shred,2:58,0
olQQpQCVSOM,Chill S.A.X.,Esteban Orlando,Chill S.A.X.,2:57,0
i5_asj1BGFs,Sweet Dreams (Are Made of This),Eurythmics,Sweet Dreams (Are Made Of This),3:38,0
rMCsR2GlLgc,Венера,EVO,За грани видимой вселенной,3:47,0
JQg_jJT93Dk,Memnicus,Eyes Close,Memnicus,2:44,0
UUEs1eu_X60,Pepas (Robin Schulz Remix),"Farruko, Robin Schulz",Pepas (Robin Schulz Remix),4:41,1
FUAVBQ-P-VI,Tacos Altos (feat. Bryant Myers & Alex Gargolas),"Farruko, Arcangel, Noriel",Tacos Altos,5:07,1
DHyrGn8LSLM,Contigo,Fede Bracamontes & María Alexia,Contigo,3:49,0
6Ot6de2RjaA,青空のラプソディ - Rhapsody of Blue Sky,fhána,Rhapsody of Blue Sky (Artist Version),4:38,0
aVM8-TXXxsQ,Worth It (feat. Kid Ink),Fifth Harmony,Reflection (Deluxe),3:45,0
KKvAbNBy_sY,Brain Trapped (Co.fee Remix) (feat. Co.fee),FilosofischeStilte,Munch Palace Vol. 1,3:15,0
5AtkWnBjGBU,HandClap,Fitz and The Tantrums,HandClap,3:14,0
n3ho1uMUoy8,Gutting,Fix My Brain & Edgjj,Residual EP,3:00,0
3rQqmknc8Ls,Drowning Love (Chasing Kou),Flavio Belardo,Drowning Love (Chasing Kou),1:50,0
tEG3MXhgvAo,Howling,"FLOW, GRANRODEO",Howling,4:22,0
r3AwDZECE08,I Will Never Understand This World,Forest98,I Will Never Understand This World,2:49,1
oaB1ts7kK_8,"Adventure Time, Pt. 2",Forgotten Sounds,"Adventure Time, Pt. 2",4:11,0
rnO-MflYxCw,Pumped Up Kicks,Foster The People,Torches,4:00,0
8aaE7EkKh6o,Wild Pogo,Francis Preve,Wild Pogo,2:11,0
6mMq9GW6lU8,Dragonfruit,Frank the Scatman,Fruit Salad,4:58,0
nqYO4Wls5LY,Deseandote,Frankie Ruiz,EXITOS,4:44,0
Q0JrvgyqK7M,SimpsonWave1995 (Sped Up),FrankJavCee,FrankJavCee Sped Up,2:00,0
9mWbCPJuoIo,オドループ - Oddloop,frederic,Frederhythm,4:14,0
AMCwYdTJ_PE,Mask Off,Future,FUTURE,3:25,1
ZDrl_dXLeV4,Chiquitita,Genitallica,Originales - 20 Exitos,3:31,0
cIHwf6jt3ec,Mañana Voy A Conquistarla,Gerardo Ortiz,El Primer Ministro (Version Deluxe),2:26,0
-D_LgE4bSWE,Why Not,Ghostface Playa,Why Not,2:45,1
DejHRgdcPcU,Je'taime,Ghostwhip,L'amour toujous,3:51,0
hL-WyWMqi_4,Highway,Givor Paradis,Bomb The Bass Records - Best Of 2014,4:08,0
35C6S11qs5c,Crazy,"Gnarls Barkley, CeeLo Green, Danger Mouse",New Year's Eve,3:03,0
TLV9HDmlyeM,ザ・バース・オブ・ジ・オデッセイ 〜 モンキー・マジック - The Birth of the Odyssey / Monkey Magic,Godiego,Magic Monkey,4:59,0
evBnDFokvKU,Leni (Crystal Castles vs GoodBooks),GoodBooks,Control Freaks (The Remixes),4:17,0
DfpdT6v-Ojw,光るなら-TV size- - Hikarunara TV Size,Goose house,Hikarunara TV Size,1:33,0
6pQq86JO18E,existing.,gray organization.,existing.,2:41,0
R9ESrQ_PvWc,Ooh Ahh (My Life Be Like) (feat. TobyMac),Grits,The Art of Translation,3:54,0
_H0Ycfu7n3o,Tapir,Guyer's Connection,Guyer's Connection,3:45,0
cem_uAOsouE,Rich Girl (feat. Eve),Gwen Stefani,Love. Angel. Music. Baby.,3:57,0
cRqTvWWX70Y,Cupid's Chokehold / Breakfast in America,Gym Class Heroes,The Papercut Chronicles,4:04,0
O03MMign_U4,夜に駆ける (ピアノアレンジ) - Yoru ni Kakeru (Racing Into The Night) (Piano Version),HalcyonMusic,Yoru ni Kakeru (Racing Into The Night) (Piano Version),4:22,0
VLzt3giUTbM,U Got That,Halogen,U Got That,3:08,0
q9ehielDBzw,Streetlight People,"Harley Bird, Sinner's Heist",NCS: Alpha - Creators Bundle,3:34,0
X_spnWMwmfI,Sem Você,Harper Rey,Off the Couch,2:07,0
nujn6wbr-e8,As It Was,Harry Styles,Harry's House,2:48,0
dDFztAraXg4,Hot & Cold,Haxhigeaszy,Old Town On Fire,3:00,0
_mKbCENIt0w,Did It First,"Ice Spice, Central Cee",Y2K!,1:59,1
RHfAOLJYd-g,Le chant des cygnes,Indochine,Babel Babel,5:40,0
lJvRohYSrZM,METAMORPHOSIS,INTERWORLD,METAMORPHOSIS,2:23,1
B5GHSqfUQN0,Dream Girl,Ir Sais,Dream Girl,2:43,0
PgooG2d7WkI,Patlamaya Devam (Remix),Isyan Tetick,Patlamaya Devam (Remix),2:33,1
04tYkKUPPv4,LILAC (라일락),IU,IU 5th Album 'LILAC',3:35,0
6B76JriqgSY,Ay Vamos,J Balvin,La Familia B Sides,3:47,0
buz6wnviE28,In Da Getto,"J Balvin, Skrillex",JOSE,2:11,0
YubFy7gUIio,I'm Invincible,J Edna Mae,I'm Invincible,3:20,0
_raDwrlSNx4,Lost in Time,"J'Calm, emudio",Lost in Time,3:03,0
CQ34QxGWj4I,Whats Poppin,Jack Harlow,Thats What They All Say,2:20,1
e2qG5uwDCW4,Buttercup,Jack Stauber,Pop Food,3:29,0
hPR_hKpwXbI,Adrenaline,"Jack Wall, Big Giant Circles",Call of Duty Black Ops II (Original Game Soundtrack),3:26,0
QnmQFlIDY3c,Super Smash Bros. Brawl Main Theme,JacobPierce Music,Super Smash Bros. Brawl Main Theme Remake,2:04,0
-tJ23mRbmps,Powerup!,Jeremy Blake,Powerup!,4:46,0
lXdFanKd0tY,Culito Nuevo 2 (feat. Kobi Cantillo),"Jerry Di, Big Soto, & Micro Tdh",Culito Nuevo 2,4:18,1
vL9TWzRhTeQ,T'avais des rêves (feat. USKY),Jewel Usain,Mode Difficile,3:37,1
1ifae8XiiUA,Costear,"JHAYCO, Almighty",Famouz,4:00,1
JO-SctZEgCI,Elder I Love You,Jincheng Zhang Instrumental,Elder I Love You,4:16,0
hR36_v6Qx0c,En Barranquilla Me Quedo,"Joe Arroyo, La Verdad",Colombiafrica,5:13,0
EfqsJm6BKng,Love Me Again,John Newman,Tribute,4:00,0
lx-DZk19byY,"Goodnight Sweet Possums (From ""Ice Age The Meltdown"")",John Powell,Ice Age: The Meltdown (Original Motion Picture Soundtrack),0:49,0
mOiHSn2IFww,Quimbara,"Johnny Pacheco, Celia Cruz",Celia & Johnny,4:52,0
w_oYEgYXfno,Daddy,Jolly Music,Jolly Bar,4:52,0
Xx9V0fTDJY0,Everyday Normal Guy 2,Jon Lajoie,You Want Some of This?,3:16,1
WH4tQKnRbek,Si Me Gano Un Grammy,Jon Z,Si Me Gano Un Grammy,2:27,1
Q_BMKfiSoe8,Goosebumps (Spanish Version),"Jon Z, Ele A El Dominio",Goosebumps (Spanish Version),4:57,0
a6g5zrz1O-w,Seinfeld Theme,Jonathan Wolff,Seinfeld (Original Television Soundtrack),0:53,0
IKvgFn-seNo,LOVE ME,"Jonny Koch, Annie Sollange",LOVE ME,3:26,0
rd0h4jIS0VQ,Beatbox Computer,Joshua Shrive,Rough Sketches Of Glass,4:13,0
LUEGKRO5Y3c,Sensual Inspiration,"Jowell & Randy, Farruko",Sensual Inspiration,3:14,0
BXtPycm5dGc,Breaking the Law,Judas Priest,British Steel,2:34,0
qndGfHoXNYA,Final Fall,"Jukio Kallio, Daniel Hagström",Fall Guys (Original Soundtrack),3:04,0
BSy9KsGRj6Q,Lucky I Got What I Want,Jungle,The Heat / Lucky I Got What I Want,4:22,0
_M0tfQhQAQs,Silver Walker,JUR X,Silver Walker,3:33,0
7EJbFg_LxjY,Rock Your Body,Justin Timberlake,Justified,4:28,0
g_V6wqBlADw,SexyBack (feat. Timbaland),Justin Timberlake,FutureSex / LoveSounds,4:03,1
LzMWYHOWYW4,"J.S. Bach: Prelude In G, BWV 568","Jörg Strodthoff, Johann Sebastian Bach",O Holy Night,3:18,0
zqKrpw36xnU,シルエット - Silhouette,KANA-BOON,TIME,4:01,0
luoNflulxec,Dangerous (feat. Akon),Kardinal Offishall,Not 4 Sale,4:07,0
WvzJh_N1bMQ,For My Hood (Extended) (feat. Spider & Mayko Greenleaf),Karneezy,For My Hood,4:32,0
NFODb2JRXBI,California Gurls (feat. Snoop Dogg),Katy Perry,Teenage Dream,3:55,0
ADGcoMhNnRg,Stay,Kaylova & Richard Grey,Stay,3:40,0
gt7iwmOLk8g,Hay Que Bueno,"KD One, PV Aparataje",Hay Que Bueno,2:41,0
xj-4fxPo2JQ,veil,Keina Suda,Porte,3:30,0
TDP02m0FUA0,Diamonds (feat. Lord Quest & Fabian Mazur),Kelly Rowland,The Kelly Rowland Edition,3:12,0
b9Zn3nCp-JY,Up Beat (Married Life),Kenyi,Up Beat (Married Life),1:31,0
3zZ8Dj5OSJ4,I'd Rather Sleep,Kero Kero Bonito,Intro Bonito,1:56,0
Gp-V1PqVQXs,Your Love Is My Drug,Kesha,Animal (Expanded Edition),3:08,0
skejQnSqu6I,Acid Trumpet,Kevin MacLeod,Groovy,3:29,0
gDU9Oq3FCnY,Lake Theme (From “Pokemon Diamond & Pearl“),Kevin Remisch,Lake Theme (From “Pokemon Diamond & Pearl“),2:13,0
PN-Mtmzld6Y,PPP,KEVIN ROLDAN,Volvió KR,2:10,0
_F_MbRGHvEE,the way she move (feat. Young Tonez & Juvi),Key Z,A New Day,3:47,1
Zv09TG1M16Y,Day 'N' Nite,Kid Cudi,Hip Hop Summer Throwback To Now,3:42,0
_HoV4CjZs5U,OMG,Kobi Cantillo,OMG,3:19,0
ghAEFnxCqdY,Sorry I Am Late (Extended),Kollektiv Turmstrasse,Sorry I Am Late (Extended),8:10,1
n9nLkGx81gk,Scopin,Kordhell,Scopin,1:42,1
OXoGVVCzvaI,Haha,Kozah,Haha,3:19,0
mxx_WcjV5U8,"Chopin: Ballade No. 1 in G Minor, Op. 23","Krystian Zimerman, Frédéric Chopin",Chopin: Ballades; Barcarolle; Fantaisie,9:36,0
3VyVyhEp77c,MEGA FUNK - SURFANDO NOS MANDELA,"KSG, AKINN",MEGA FUNK - SURFANDO NOS MANDELA,3:41,1
YMYxb_7m6o4,Contradiction (feat. Tyler Carter),KSUKE,Contradiction,3:22,0
IPLSS0bnsEU,"Carry On (from the Original Motion Picture ""POKÉMON Detective Pikachu"")","Kygo, Rita Ora","Carry On (from the Original Motion Picture ""POKÉMON Detective Pikachu"")",3:36,0
U-bgnKZnmqw,Automatic Driver,La Roux,Automatic Driver,5:06,0
pif0XWTZIKM,Lost Umbrella (Remake Version),La-Matryoshka,Lost Umbrella (Remake Version),1:15,0
ihufN7et2xQ,Bawshonto Eshe Geche (Female),Lagnajita Chakrborty,Chotushkone,4:04,0
fxf2y8Tl9Ts,Gloria,Laura Branigan,Branigan,4:56,0
MaMYrv2IYUM,Tokyo,Leat’eq,Soft Dance,2:55,0
F-1LqtflhpI,Anyway (feat. G Curtis),LED Monster,Good To You,3:05,0
IfU1aorHVQg,Ramblin' Man,Lemon Jelly,Lost Horizons,7:07,0
m5QIfyyTnz8,Return To Patagonia,Lemon Jelly,Lost Horizons,8:41,0
v6NbAoqSOdk,2 Locos,"Lenny Tavárez, Kapla y Miky",Los del Futuro (The Mixtape),3:49,1
6hwxwthKAwY,Cetus,Lensko,Cetus,4:49,0
tGQ98RW4ahM,Wish You The Best,Lewis Capaldi,Broken By Desire To Be Heavenly Sent,3:31,0
1tLZR0Yo_L4,A Pimp Named Slickback,Lil Lucky,A Pimp Named Slickback,1:09,1
sobjSnmpIMY,Dance Skeleton,Lil People,Dance Skeleton,3:30,0
BG79kXfrICc,Biggest Dreams,Lil Travieso,Park Tales,2:00,1
tj5L0JooTMU,El Motorcito,Lirico En La Casa,El Motorcito,2:50,0
F9GXgPHeKfA,Crossing Field,LiSA,LANDSPACE,4:09,0
S78atix5smc,Los Sabanales,"Los Corraleros de Majagual, Calixto Ochoa","Éxitos De Los Corraleros De Majagual, Vol. 1",2:39,0
682sPjkgdIs,Macarena (Bayside Boys Remix),Los Del Rio,Exitos de Verano,4:13,0
HN6ACmknaiw,La Dueña del Swing,Los Hermanos Rosario,Los Dueños del Swing,4:21,0
kxWfHQYdHBo,No Lo Niegues Mas,Los inquietos del vallenato,Por Siempre,4:25,0
B4aGE8nHWyU,Toma Tu Recuerdo,Los inquietos del vallenato,Por Siempre,5:10,0
TB38ALxSXvc,Ghost Castle,Louie Zong,Ghost Castle,1:20,0
EKjdR-5XKYs,Danza Kuduro (feat. Don Omar),Lucenzo,Danza Kuduro 2019 (Luigi Ramirez Remix),3:17,0
0f_iSFhwXHs,Cómo No Voy a Decirlo,Luis Silva,Y Sus Canciones...Llanerísimas,3:29,0
AMu_n9gkorE,"A Solas (Remix) (feat. Lyanno, Anuel AA, Brytiago & Alex Rose)",Lunay,Épico,4:34,0
fDzPL9hNpUA,Meow,lvusm,Meow,2:23,0
K8v_DaCcORQ,Midnight City,M83,"Hurry up, We're Dreaming",4:04,0
o6dXgfEOsVI,Solitude (Felsmann + Tiley Reinterpretation),"M83, Felsmann + Tiley",Solitude (Felsmann + Tiley Reinterpretation),3:43,0
6djDTPkPMAo,Hearing Is Believing (Serum Remix),MA2,"DJ SS Presents: Formation 200, Pt. 2",6:33,0
yxpsxuiEpEI,Back That Up To The Beat (demo version),Madonna,Back That Up To The Beat,3:32,0
4tXrPj2JJ_c,If We Ever Broke Up,Mae Stephens,If We Ever Broke Up,2:23,1
9J1pqKe9s9I,Scheming on Me 2,"Magelias Kristofer, Prvnci",Scheming on Me 2,1:52,0
i7EvOTHVp9c,Harry Potter (The Ultimate Indian Theme),Mahesh Raghvan,Harry Potter (The Ultimate Indian Theme),2:34,0
YjrSkBjDVEw,不可思議のカルテ - Fukashigi no KARTE,"Mai Sakurajima(CV:Asami Seto), Tomoe Koga(CV:Nao Toyama), Rio Futaba(CV:Atsumi Tanezaki), Nodoka Toyohama(CV:Maaya Uchida), Kaede Azusagawa(CV:Yurika Kubo), and Shoko Makinohara(CV:Inori Minase)",Seishunbutayarouhabunnygirlsenpainoyumewominai Fukashigi no KARTE,4:00,0
P3HvdBkJQxI,Might⁺U,Makayla Phillips,「僕のヒーローアカデミア THE MOVIE ヒーローズ:ライジング」オリジナルサウンドトラック,6:30,0
MtnGAL-Fe6o,"Aloha (feat. Darell, Mambo Kingz & DJ Luian)","Maluma, Beéle, Rauw Alejandro",Aloha,4:02,0
OrmRm8Weyzg,Mala Mía,Maluma,Mala Mía,3:04,0
eVbufROUlTA,Merry-Go-Round,MAN WITH A MISSION,Break and Cross the Walls I,4:04,0
F-jJFBmbvP8,Tu Amor Me Hace Bien (Salsa Version),Marc Anthony,Valio La Pena,5:01,0
BoGOuCOmUbM,Estrelar,Marcos Valle,Marcos Valle,5:14,0
W5Sq71VTJ9Q,The Perfect Girl,Mareux,The Perfect Girl,3:15,0
ATwIxmj6nII,Tongue,"Maribou State, Holly Walker",Tongue,5:05,0
pMokmeEq4MI,Baby Girl (feat. Lalo Ebratt),Mario Bautista,Baby Girl,3:39,0
KBDRUN6ovvk,Nothing Breaks Like a Heart (feat. Miley Cyrus),Mark Ronson,Late Night Feelings,3:38,0
cpAG-yY-34o,Intoxicated (Edit),"Martin Solveig, Good Times Ahead",Intoxicated (Edit),2:40,0
oCF9C10sVqQ,Mary Jane (All Night Long),Mary J. Blige,My Life,4:40,0
aiTXImcbhoY,Tadow,Masego,Lady Lady,5:02,0
5-FGxUINL-Q,Astronaut In The Ocean,Masked Wolf,Astronaut In The Ocean,2:13,0
OP-rAzDPoLU,Wyjątkowa,Mateusz Mijal,Wyjątkowa,3:55,0
vOFEmknbckE,Voyager (Extended Mix),Maurizio Benedetta,Electro House Trax,6:17,0
zPqSekiCqU4,Mtg - Vem Sentando Vem (feat. Dj Nbeat),"MC 2jhow, MC Fahah, Mc Rennan",Mtg - Vem Sentando Vem (Remix),2:20,0
IweChsnWPSc,Pana Traicionero (Remix) (feat. Voltio 23 & El Fecho RD),"MC Albertico, Rolex Quintana, El Jincho",Pana Traicionero (Remix),4:50,0
oFRIda79u_E,Lose Control,"MEDUZA, Becky Hill, Goodboys",Get To Know,2:49,0
488paN09KiE,Piece Of Your Heart,"MEDUZA, Goodboys",Piece Of Your Heart,2:33,0
79vxRvYqeT4,Made You Look,Meghan Trainor,Takin' It Back,2:15,0
tlO3lZhDukU,One,Metallica,...And Justice For All,7:28,0
IKhscaE_9Ks,The Unforgiven,Metallica,Metallica,6:28,0
G99oBLWu7QI,Todo Todo,Mexico Lindo All-Stars,Exitos Juveniles,4:11,0
ETEg-SB01QY,Little Dark Age,MGMT,Little Dark Age,5:00,0
NSuNp-zcEc8,Resurrection (Axwell's Recut Club Version),"Michael Calfan, Axwell",Yellow Productions: 20 Years of Music,5:01,0
9B4STUYsLig,Kronos Unveiled,Michael Giacchino,The Incredibles (Original Motion Picture Soundtrack),3:17,0
7qfbi3HACV8,Grand Theft Auto: San Andreas (Official Theme Song),Michael Hunter,Grand Theft Auto: San Andreas (Official Theme Song),1:29,0
yudAUIGbVkc,No Molestar,Michel El Buenon,Reserva Especial - Impecable,5:44,0
W7U9UfTAoac,Besame Sin Sentir,Micro TDH,"The Classics, Vol. 1",4:09,1
QC-lWQzLIgc,Tubular Bells (Pt. I / New Stereo Mix),Mike Oldfield,Tubular Bells,26:02,0
Ah0srVZq9ac,I Took A Pill In Ibiza (Seeb Remix),Mike Posner,"At Night, Alone.",3:18,1
BBj3SCImk_A,真夜中のドア/Stay With Me - Mayonaka no Door / Stay With Me,Miki Matsubara,Pocket Park,5:12,0
1sCrtDunoyY,Edge of Midnight (Midnight Sky Remix) (feat. Miley Cyrus),Miley Cyrus,Plastic Hearts,3:41,0
6mlnNfM-aNw,M to the B,Millie B,M to the B,2:18,1
buofh3kKowo,"Butter-Fly (From ""Digimon Adventure"") [Japanese]",Miura Jam,"Butter-Fly (From ""Digimon Adventure"")",4:49,0
2iUURfBHu1E,Gonna Have Fun Tonight,Mobius VanChocStraw,Assorted Flavors 1,3:43,0
Ee33tJSrTWs,Chinga Tu Madre,Molotov,Dónde Jugarán Las Niñas 10th Anniversary Edition,3:19,1
4wbm2ByKBdc,Kolors,Monte Booker,Soulection White Label - Monte Booker,2:58,0
HtUTJb-FGdo,Verbatim,Mother Mother,Touch Up,2:49,1
cMFrkiC8A48,透明だった世界 - Toumeidatta Sekai,Motohiro Hata,Documentary,3:53,0
F9ZHDhZ67XY,Moving On,Mourad Hany,Moving On,3:42,0
gX2ql280NfY,"Estamos Clear [Remix] (feat. Bad Bunny, Miky Woodz & Sencillo Rap)",mp track,Estamos Clear [Remix],2:54,0
daoo4_tyybg,Zenith,MrLiveLee,Galaxia,2:40,0
wNjvuRZtQeI,インフェルノ - Inferno,Mrs. GREEN APPLE,Inferno,3:33,0
zFxUbDw1N5g,En Filita Cooperando,Musicologo The Libro,En Filita Cooperando,2:45,0
c2XLHmADMzw,Explícito,Myke Towers,Para Mi Ex,3:16,1
Wlffl6ZVgog,Hydrogen,M|O|O|N,MOON E.P.,4:50,0
PqYBr0MCJzE,"Love Tape, Vo.l 1",N3rd,"Love Tape, Vo.l 1",1:54,1
yLXGbYUvNLU,ドギマギ - DOGIMAGI,NaoyukiChikatani,Drama [Fragrance you inherit] Original Soundtrack,2:43,0
-jbAPPgk8GQ,Believe Me,Navos,Believe Me,3:09,0
JjefTnZEgpg,Embrace It,Ndotz,Embrace It,1:45,1
JmWLm7YUlnk,Runnin',Nesco,Runnin',3:00,0
UXgRa3RL4FI,Saturday,Net Music,Minimal Light-Tech Deep,10:07,0
-oEnazdSzfo,Bad Boy,Neutro Shorty,Bad Boy,3:49,0
ZEfTNcM-HY0,Life Letters,Never Get Used To People,Life Letters,2:29,0
hEmDEUXeWL8,Goodbye 2015,New Years Party Big,"This is the New Year - Party Music for Christmas Holidays with a Mix of Tropical House Hits, Latino and Spanish Music for Hot Party Events",8:32,0
Krr2u8BUtLw,New Jeans,NewJeans,NewJeans 2nd EP 'Get Up',1:49,0
F4CRACyOaBA,Chuyện Hoa Sim,Nhu Quynh,Chuyện Hoa Sim,5:40,0
XCUkmW8fu4Y,Red Right Hand,Nick Cave & The Bad Seeds,The Best of...,4:49,0
R3kVEU1vRCw,Jevi,Niño Francois,Jevi,2:07,0
rqsHvAq4R40,Out of Control,Nothing's Carved In Stone,Out of Control,4:36,0
QfNsDdnBc0k,BLUE HORIZON FUNK - SUPER SLOWED,"NXGHT!, DJ ZAP",BLUE HORIZON FUNK,1:37,0
QcVRSbnJViw,Meet & Fun!,Ofshane,Meet & Fun!,2:08,0
7B9t9dLoLMQ,Got Your Money (feat. Kelis),Ol' Dirty Bastard,Nigga Please,4:00,1
nL-izF63Lqk,Headphones,Oliver Francis,A Million Miles an Hour,3:44,1
n9iJjL69ap8,Desire (feat. Tove Lo),Olly Alexander (Years & Years),Communion (Deluxe),3:24,0
1JhE3TLAWV8,Pure Gold,oomiee,SkillTwins Football Game 2,2:28,0
OM8AiEBwwGQ,No Hay Amigo,Orquesta Harlow,Salsa,5:16,0
4BWl4ij4uZI,"El Taxi [Video Version] (feat. Pitbull, Sensato & Dayami La Musa)","Osmani Garcia, DJ Unic",El Taxi [Video Version],5:25,0
CFgFp1S4kCs,Gurenge,Otakumbia,Si tú lo deseas puedes volar,2:48,0
KtGuUP3Dmss,Dile Que Tu Me Quieres,Ozuna,Odisea,3:47,0
JmDZiZw2YKc,"Luz Apaga (feat. Lunay, Rauw Alejandro & Lyanno)",Ozuna,Luz Apaga,4:05,0
eVkzesTCp5Q,Day 'n' Night,"Paakman, RBØR",Day 'n' Night,6:33,0
3J1kCvqNmDw,Highscore,"Panda Eyes, Teminite",KIKO,4:20,0
dzjVK6M7mbY,Lágrima,PANTERA BLUE,Lágrima,2:30,0
gjqnalXgtOE,Fundio Del Caco,Papera,Fundio Del Caco,2:22,1
k79_FW2-hKM,La Guerra,PAPU DJ,Edición Especial Fiestas,3:18,0
7JBEmsqxoWI,Catgroove,Parov Stelar,"Coco, Pt. 2",3:59,0
mPmoojB54xI,Friendships,Pascal Letoublon,Friendships,4:03,0
Pkbl5Rt4ZIk,Rain Forest,Paul Hardcastle,Paul Hardcastle,7:29,0
1jyhj6LQWbE,Africa,Peter Bence,Africa,3:44,0
Ra5qZDJefJs,2 Phút Hơn (KAIZ Remix),Pháo,2 Phút Hơn (KAIZ Remix),3:04,0
aLp8SISp4nM,Song for Denise,Piano Fantasia,Best of Collector: Piano Fantasia (Le meilleur des années 80),3:13,0
LYiBGq6i3uE,General Release (From Buckshot Roulette) (Extended Version),Piano Vampire,General Release (From Buckshot Roulette) (Extended Version),4:41,0
YSDmdthT9d0,Illusione perfetta,Piero Piccioni,Anna Karenina (Original Motion Picture Soundtrack),2:46,0
7MnTLl7wMII,Culo (feat. Lil Jon),Pitbull,M.I.A.M.I.,3:40,0
4VUgsULQ7ZA,Greenlight (feat. Flo Rida & LunchMoney Lewis),Pitbull,Greenlight,4:05,0
hhTSw252YC0,Candy,Plan B,Love and Sex,3:28,0
FQ4KbU_DwCA,Tuni,Plim Plim Kids Songs,Kids Songs by Plim Plim,0:50,0
UxNxXOMrcp0,Baby I'm Back III,Pluffaduff,Baby I'm Back III,6:57,1
SyNgGeKyUoM,Adderall (Corvette Corvette),Popp Hunna,Adderall (Corvette Corvette),2:17,1
dY7HzR-4qUk,rockstar (feat. 21 Savage),Post Malone,Beerbongs & Bentleys,3:39,0
1di1lGWo2gU,I Follow Rivers (Workout Mix),Power Music Workout,I Follow Rivers,4:39,0
Jpb3r8HEir4,Cigarette Duet,Princess Chelsea,Lil' Golden Book,4:21,0
LZ9N98wJjTc,Tiburon,Proyecto Uno,In Da House,5:04,0
Qe5KVPGWV7E,A La Noche,PsychoGroove,The Album PsychoGroove,6:52,0
FmrKm7q-V6c,life force,"ptasinski, RJ Pasin",freedom from self,1:50,0
pMkoBda95E8,DISASTER (feat. BEARDED LEGEND),qonran,DISASTER,2:59,1
Gk781Z0ErmA,We Are The Champions,Queen,News Of The World (Deluxe Edition 2011 Remaster),3:00,0
sYrvNtw6l3g,Beans Beans Beans,Quilla,Beans Beans Beans (Andy Sikorski Remix),2:11,0
tHD9pDMc86E,Robot Boogie,Quincas Moreira,Robot Boogie,2:49,0
Ubdhx0htuIc,Classical Violin,Rafael Krux,The Epic Baroque,1:17,0
9_R5gcOEW68,Me Matas,Rakim & Ken-y,Masterpiece: Nuestra Obra Maestra,3:17,0
KWEsdF57hB4,Escapism.,"RAYE, 070 Shake",My 21st Century Blues,4:33,1
edqa_pkbWXU,Rhumba (Spongebob Remix) (Spongebob Remix),Rdgredtempo,Rhumba (Spongebob Remix),3:26,0
p9kZJwdZoXM,Underground,Re-Logic,Terraria (Soundtrack),3:00,0
MVMx-I_0qiY,Deadwood,Really Slow Motion,Deadwood,3:07,0
DKrelwjugQA,Calm Down,"Rema, Selena Gomez",Rave & Roses Ultra,4:00,0
R8fHeSTrTjU,Photo ID,"Remi Wolf, Dominic Fike",Photo ID,3:28,1
kq4rKIh5MOQ,Nyanpasu (Rynti M Remix),Renge Miyauchi,Nyanpasu (Rynti M Remix),5:33,0
KRi02Ckxf-Y,Ciel Rouge En Décembre,REYN,Ciel Rouge En Décembre,4:25,0
x6b1laWmzTM,Space Walk,Ricardo Aguero,Rising Sun,2:16,0
DVf0330RtX8,Disparo al Corazón,Ricky Martin,A Quien Quiera Escuchar (Deluxe Edition),3:51,0
irbUrJxT5Xo,Seasons,"Rival, Cadmium, Harley Bird",Seasons,4:09,0
jaUR77t5Wo0,Valhalla (feat. Djemba Djemba),RL Grime,VOID,3:46,0
87kFsiTmojE,Ricochet,Rob Gasser,Ricochet,3:42,0
pTxThkgnOik,Shed a Light,"Robin Schulz, David Guetta, Cheat Codes",Uncovered,3:12,0
UJHEK0GIdYE,Blurred Lines (feat. T.I. & Pharrell),Robin Thicke,Blurred Lines,4:24,1
86rZ40qHdKI,Mi Contacto,Rochy RD,Lava Urbana 2021,3:37,0
DU0VRPOl_zg,Trucho,Rochy RD,Rochy RD,2:33,0
ugh01_NBtiA,Baby Jane (2008 Remaster),Rod Stewart,Body Wishes (Expanded Edition),4:44,0
9f5CXNmAqgA,Bikini Bottom (feat. JumpouttMauri),RoikDaMakk,Bikini Bottom,2:45,1
UXBERVIco9Y,Alex Trebek (feat. RollGang TV),RollGang3,RollGang Presents:Who Tf Is RollGang?,1:51,1
DyckxNxAUug,La Diabla,Romeo Santos,Fórmula Vol. 1 (Deluxe Edition),4:00,0
0PyU4y1D6b4,Out Of Control (Club Mix) (feat. Renee Stahl),Ronski Speed,Armada Weekly 2011 - 49 (This Week's New Single Releases),7:12,0
j4qRC4rKCp0,リサフランク420 / 現代のコンピュー,Rory Malcolm,The Wave Project,2:41,0
6a4UoA8JTYk,Antes De Morirme,Rosario Montes,Antes De Morirme,2:39,0
WGZWoLBCSYc,Lost In Sound,Roy,Lost In Sound,2:38,0
1fa6tYw2hSI,Motion (Preview),Run To Vega,Twilight Tides,0:30,0
RrPpRpeUBuY,Body,"Russ Millions, Tion Wayne",Body,3:04,1
vjNpBpi7Gyc,Fantôme,sadbxy,Fantôme,2:20,1
Ypw7cVsnQxU,Roses (Imanbek Remix),SAINt JHN,Roses (Imanbek Remix),2:57,1
-h3ovs4jG-Q,내 자신을 원해,SANGHYUK,Am Ground,2:47,0
wEfkpmCJb4Y,Interior,SANTE,Interior,2:12,0
KuzZMW3cauk,BOUNCE FUNK,SAPFIR,BOUNCE FUNK,1:22,0
KqSEZjH9tNc,As the World Caves In,Sarah Cothran,As the World Caves In,2:42,0
LR0D2o5OWAk,Swing (feat. Soulja Boy Tell'em),Savage,Savage Island,3:40,1
BqpRqlv3aGM,NUNCA MUDA?,"Scythermane, NXGHT!, MC Fabinho da Osk",NUNCA MUDA?,1:41,0
Qcawj3O6t0U,PRINCE OF DARKNESS,"SHADXWBXRN, ARCHEZ, KXNVRA",PRINCE OF DARKNESS,2:04,1
-UDdC9KZpwk,Loca (feat. Dizzee Rascal),Shakira,Sale el Sol,3:14,0
eu34EfVXTaw,Rabiosa (feat. Pitbull),Shakira,Sale el Sol,2:51,0
__s1ibIyPNs,Te Felicito,"Shakira, Rauw Alejandro",Las Mujeres Ya No Lloran,2:53,0
dWcdYpEkuMU,I Close My Eyes,Shivaree,Who's Got Trouble?,3:56,0
L4oK_b82hxU,Venus,Shocking Blue,At Home,3:08,0
4g9u5wDwV-8,You Reposted in the Wrong Neighborhood I Glue70 Mashup,Shokk,You Reposted in the Wrong Neighborhood I Glue70 Mashup,3:17,1
UxamaFL__qg,Wo Ai Ni 我爱你,Sianne AW,Wo Ai Ni 我爱你,3:26,0
9fN7udMAMog,13 Angels Standing Guard 'Round The Side Of Your Bed,Silver Mt. Zion,He Has Left Us Alone But Shafts Of Light Sometimes Grace The Corner Of Our Rooms,7:23,0
Zrck6SV6T4M,High,Sir Sly,"Don't You Worry, Honey",3:52,0
8qmyTAVCooc,Dragon Knight,Skyheaven,Total Transgression Ch.1: The Renovatio Force,5:06,0
k8_WIZivbis,Svejedno,Sladja allegro,Najboje do sada,3:29,0
dD2Lgiyh4QE,I Wanna Fuck You (feat. Akon),Snoop Dogg,Tha Blue Carpet Treatment,2:59,1
NXjiK6zjkhs,Sensual Seduction (Album Version (Edited) FINAL),Snoop Dogg,Ego Trippin',4:01,0
ri7pD7TK0PU,Paraiso,"SOIL & ""PIMP"" SESSIONS",6,3:48,0
d0RoVdokveE,Waiting,"Star Party, The Highrollers",Waiting,2:51,0
dU1f-QNIb_k,Do U Wanna,Stephane Deschezeaux,Do U Wanna,4:54,0
9ZDW47XiF2Y,Late Night,Stoto,Late Night,6:11,0
H_G-kvMxg3Y,SUBWAY SURFERS (Main Theme),Subway Surfers,Greatest Hits 2020,2:18,0
psy9BlKP5mQ,"Lean (feat. Towy, Osquel, Jone Quest & Sammy & Falsetto)",Super Yei,Lean,4:21,1
e14CfTVNC3A,I'm Sorry,Swell,Theres Still Us,2:38,0
xfN3nqxvmOU,#BrooklynBloodPop!,SyKo,DOGMA,2:26,1
oiFCydvKAOo,Floating Through the Planes of Existence,synth4ever,Synthscapes,7:39,0
B-g0Q_g6nDc,She's Hot,T.O.K,Riddim Driven: Sexy Lady Explosion,3:30,0
5J2tpz_3QNE,Juana Polinaria / Como loco-funche,Tambor Urbano,Tambor Urbano,6:11,0
tXgnCZvL15o,Berlin,Tassilo Hagström,"Techno Top 50, Vol. 1",6:42,0
CblqD5YJQgc,Who the Crunkest (feat. Project Pat),"Tear Da Club Up Thugs, Three 6 Mafia",Crazyndalazdayz,5:12,1
awoFZaSuko4,Everybody Wants To Rule The World,Tears For Fears,Songs From The Big Chair (Deluxe),4:12,0
ca68sdyiydQ,Alive,TELL YOUR STORY music by Ikson™,Alive,3:13,0
oBWwGv6y6KM,Pancake Feet,Tennyson,Uh Oh!,2:59,0
UyJ_t4Xp408,Se Acabo (feat. Method Man),The Beatnuts,Take It Or Squeeze It,3:33,1
e6ztG5kjUZo,Just Can’t Get Enough,The Black Eyed Peas,The Beginning,3:40,0
ryA6eHZNnXY,Take Five,The Dave Brubeck Quartet,Time Out,5:25,0
e8F70RfkCHk,Berlin,The Dualz,Cold Case,6:28,0
TmIwm5RElRs,I Don't Want to Set the World on Fire,The Ink Spots,The Ink Spots,3:00,0
9MLezI6y5Tk,"Dire, Dire, Docks (From “Super Mario 64”) (Cover)",The Noble Demon,Classics Selection: 2023 Part 1,5:01,0
H9NuWEeODew,Hypnotize,The Notorious B.I.G.,Life After Death (2014 Remastered Edition),3:50,1
6WjuuzhWyh0,A Thousand Years,The Piano Guys,The Piano Guys,4:36,0
V9scnBfw0Eg,Pale Blue Dot,The Prototypes,FABRICLIVE 76: Calyx & TeeBee,4:57,0
3vEiqil5d3Q,Notion,The Rare Occasions,Notion,3:16,0
PbGFdv7-Pr0,El Chupacabra,The Sound Defects,Volume 2,5:29,0
A1uES-ZzseA,Spirits,The Strumbellas,Hope,3:24,0
ZtEtKXhhtS4,Call Out My Name,The Weeknd,"My Dear Melancholy,",3:49,0
uMqkloIfD2s,Time Lapse,TheFatRat,Time Lapse,3:06,0
rIjIv9lltn8,Exilio,Thievery Corporation,The Richest Man In Babylon,3:03,0
uGIzesrVEzA,Thrift Shop,Thrift Shop,Thrift Shop (In The Style Of Macklemore & Ryan Lewis feat. Wanz),3:48,0
YgJIqtqCTx8,More Than A Friend (Live),TILAR,TILAR LIVE 2024,4:46,0
edwooGpMg8g,Title Music (Party Time),Tim Haywood,Bloons Tower Defense 6 (Official Soundtrack),4:13,0
IeNJaKyBRVY,Give It To Me (feat. Justin Timberlake & Nelly Furtado),Timbaland,Shock Value,3:55,1
16WgmQmeaFE,Fabricando Fantasías,Tito Nieves,Noches Latinas 3,4:35,0
tABgG46IPu0,Greate City X (Remix),TIYFER,Tiyfer 2 (Remix),9:05,0
3NUQPSiobvA,I Want You,"Tiësto, Mike Williams",I Want You,2:54,0
rF1LaYmCQw0,Katharsis,TK from Ling tosite sigure,Katharsis,4:27,0
mtawrvojDyU,unravel,TK from Ling tosite sigure,egomaniac feedback,4:04,0
GNjqI-EyqiI,蝶の飛ぶ水槽 - Chou No Tobu Suisou,TK from Ling tosite sigure,Chou No Tobu Suisou,6:02,0
O_QryL2uFsg,Desacato Escolar,"Tokischa, Yomel El Meloso, Leo RD",Desacato Escolar,2:38,1
6wqSh_dbZQo,With Me,Tom Holkenborg,Alita: Battle Angel (Original Motion Picture Soundtrack),5:42,0
EwlKNMpPRGY,In The End (Mellen Gi Remix),"Tommee Profitt, Fleurie, Mellen Gi",In The End,3:39,0
iu5gkX6lxFc,Hookah & Sheridan's,Tommy Boysen,GRACIAS X,3:16,0
_3E7AnwYFNE,Dance Monkey,Tones And I,The Kids Are Coming - EP,3:30,0
sz_-p46Byvo,Afektion,"Toni Varga, Ivan Picazo",Form Sampler Alpha (Various Artists Compilation),10:14,0
YmH3b-90ZGE,Something I Could Never Be,"Tony Ann, Wrabel",Something I Could Never Be,3:44,0
313BGMYEwiU,La Vaca Lola,Toy Cantando,La Vaca Lola,1:40,0
MGUi_st46-g,Lirica (Remix),"Trainer, Big Soto & Jeeiph",Lirica (Remix),4:11,1
qMi4M2qZijE,Le Gustan Todos,"Trainer, Jeeiph, Big Soto, Adso & Micro TDH",Le Gustan Todos,5:42,1
0aHzx4Teb8g,No Somos Ná (feat. Gigolo y La Exce & Bryant Myers),"Trap Capos, Noriel",Trap Capos II,4:44,1
L5nkM08Bzhw,"Mr Bean The Animated Series Main Theme (From ""Mr Bean The Animated Series"") (Trap Remix)",Trap Geek,"Mr Bean The Animated Series Main Theme (From ""Mr Bean The Animated Series"") (Trap Remix)",1:29,0
FNt2HRpEg6s,Cheat Codes for Hoes (Remix) (feat. Shotgun Willy),TRAQULA,Cheat Codes for Hoes,1:55,1
zdHkc9eekfU,Vessel,"Trauzers, Star Party, Zookeepers",Vessel,3:25,0
VCOVmNVKd1I,Redbone,Travis Emmons,Redbone,2:59,0
s9SLNR1bSno,Dinero,Trinidad Cardona,Dinero,2:41,1
CbFgaMWAzP0,Star Dust,"Tsunami J., Matt Bartkus",Star Dust,2:17,0
fSlr_OGWTW4,For How Long (feat. Saint Sinner),"Tycho, Saint Sinner",Weather,3:01,0
0aw8aG5FYlU,New Year's Day,U2,The Best Of 1980 - 1990,4:18,0
tiRhC5obHtI,Way You Are,UNREFINED,Way You Are,4:06,0
Kf7A93Dj6yE,TU COJEA,Vakero,TU COJEA,2:45,1
jmURba_grM0,Probably [Tabun],Vangakuz,Yoasobi Ostinato,4:31,0
W0DFAnMrbm0,Feel My Love,Vaughan Mason & Butch Dayo,Feel My Love,5:56,0
ovOwPSJ8E1M,REPTiLE iN THE PiTT,VegaaManWins,And Then There Was Fight!,2:19,0
u3P0RA3xnn0,Pixel Party,Vexento,Pixel Party,2:50,0
9puzM73fLFQ,"Jump Up, Super Star!",VGR,"Jump Up, Super Star!",4:02,0
dHyiythqxFU,Mujeres Divinas,Vicente Fernández,Mujeres Divinas,3:14,0
m4ZM-Nr_USA,Honest / Game Spec Blick (Jersey Club),Vixxle,Honest / Game Spec Blick (Jersey Club),2:18,1
Mu8zGKcY_Ck,Black Catcher,VK Blanka,Devil,3:17,0
fJZrEJ7jzI0,Molly,Votabias,Molly,2:56,0
ZRLjY4uUH_s,Time Back,VZEUS,Time Back,3:12,0
6nUcKn9_Yvw,Space Pirates (Newgrounds Mix),Waterflame,Age of Flash,2:47,0
fO0VuNmKCPI,Castlevania,Wayfloe,Midnight Kids,3:15,0
lgc2b54_chg,Umbrella,Why Mona,Umbrella,3:56,0
PB6-awj0ecU,Bella (Remix),"Wolfine, Maluma",Bella (Remix),3:39,0
vSH7355klmI,FREEJADEN,wrd2melody,UNDERDOG.,2:01,1
sioyWSvvb5A,Roi (Instrumental Slowed),xaoc,Roi (Instrumental Slowed),1:39,0
M8tdulKrg9M,A Cojones,Xian,MetaVerxo,2:38,1
BacUpZwO5bo,Sparkle Queens,XOMG POP!,Sparkle Queens,2:14,0
ic9KOmxNrDc,Moonlight,XXXTENTACION,?,2:16,1
0b4yRLximQg,Back In Time,Y&V,Back In Time,4:34,0
J_oY3ND6u3Q,Bécane - A COLORS SHOW,"Yamê, COLORS",Bécane - A COLORS SHOW,3:03,1
znfYwABeSZ0,"Comptine d'un autre été, l'après-midi",Yann Tiersen,Le Fabuleux destin d'Amélie Poulain (Bande originale du film),2:21,0
x3D4uNDl6Mw,Noviembre Sin Ti (Remix),Yauri Music,Noviembre Sin Ti (Remix),2:43,0
SuK-EA6vu48,Pose (feat. Megan Thee Stallion & Lil Uzi Vert),Yo Gotti,Untrapped,3:47,1
pIZ_tApNslQ,色香水 - Irokousui,Yoh Kamiyama,CLOSET,4:12,0
e733KTfEPGU,Isaac selling,Yotomia,In The City,3:49,0
BZhtJN8RnYM,"Teteo, Vol. 2 - Remix","You R, Bulin 47, Shadow Blow","Teteo, Vol. 2 - Remix",4:09,0
TaKKajTE3qU,Don't Rush (feat. Headie One),Young T & Bugsey,Don't Rush,3:28,1
YTe06cv4czY,She Share Story (for Vlog),Yugure,She Share Story,1:18,0
0NJCpJZ19n8,Again,YUI,HOLIDAYS IN THE SUN,4:15,0
P0lK9IGNNZg,"Daily Life, You and Me",Yuki Kajiura,SWORD ART ONLINE MUSIC COLLECTION,1:49,0
sM3WYL8JVZ0,HERO A,Yuly,TVアニメ「僕のヒーローアカデミア」サウンドトラックセレクション 2016~2018,3:15,0
aGLYZxwRMbk,Super Smash Bros.,"Yung Gravy, bbno$, BABY GRAVY",Baby Gravy 3,2:34,1
Ye_HqJoFZBo,Bazzu,Yung Pharaoh,Black Extra Terrestrial,2:47,1
j-0kLu3O7qU,Dusk Till Dawn (Radio Edit) (feat. Sia),ZAYN,Icarus Falls,3:59,0
CMmgiczOZeA,Every Night,Zmeyev,Every Night,2:26,0
EZzbi3DsRIA,distorted memories,"Øneheart, reidenshi",distorted memories,1:51,0
OtLcqr3RQJY,snowfall,"Øneheart, reidenshi",snowfall,2:05,0
yBuHEV44s3Y,Let You Down,Dawid Podsiadło,Cyberpunk: Edgerunners (Original Series Soundtrack),3:47,0
01L4CFQdrWA,Endless Embrace,MYTH & ROID,TVアニメ「メイドインアビス 烈日の黄金郷」,4:58,0
vtJscsqrhL4,かたち,安月名莉子,TVアニメ「メイドインアビス 烈日の黄金郷」OPテーマシングル,3:33,0
m9SMT5ipbxk,アイドル,YOASOBI,アイドル,3:34,0
6DrKJzuH7M8,QUESTION,3rd GRADE CLASS E THE CHARGE OF THE SONG,QUESTION,4:27,0
EJAEzPwcQPs,ピースサイン - Peace Sign,Kenshi Yonezu,Peace Sign,3:58,0
6bbMXyXms0c,My Hero,MAN WITH A MISSION,My Hero/Find You,4:24,0
pJ-MywdW98o,Deal with the devil,Tia,Deal with the devil,4:43,0
SNaF5yKqx9w,LAYon-theLINE,D-selections,LAYon-theLINE,4:48,0
_gI_zC7_mlE,コノユビトマレ - Konoyubitomare,JUNNA,Konoyubitomare,5:00,0
yl1Lg5RrCx0,AlegriA,D-selections,AlegriA,4:43,0
-cRcMiLDDOs,From the Edge (feat. LiSA),FictionJunction,From the Edge,4:39,0
M4-XU0a2hf0,勇者,YOASOBI,THE BOOK 3,3:15,0
udNgJUiBCRg,ブルーバード - Blue Bird,Ikimonogakari,My song Your song,3:39,0
csVeFCLhmAM,Sign,FLOW,MICROCOSM,3:57,0
ODk1GyYsDv4,レイン - Rain,SID,dead stock,4:16,0
kHmMKh8FJlI,空想メソロギヰ,妖精帝國,空想メソロギヰ,4:00,0
ELQL6P21ZFg,Innocence,Eir Aoi,Blau,4:38,0
kJ04dMmimn8,This game,鈴木このみ,TVアニメ「ノーゲーム・ノーライフ」OPテーマ「This game」,4:42,0
geV3gLpL0mM,オラシオン,白（CV:茅野愛衣）,TVアニメ「ノーゲーム・ノーライフ」コンプリートソングス,4:38,0
XXV6oIory8s,Ignite,Eir Aoi,D'azur,4:05,0
AuwxFEXhALU,Courage,Haruka Tomatsu,courage,4:14,0
C0ppulkmXPw,Unravel,TK from Ling tosite sigure,Fantastic Magic,3:59,0
cU22947XIYo,熱情のスペクトラム - Netsujo No Spectrum,Ikimonogakari,FUN! FUN! FANFARE!,3:45,0
mAENQIa-MtM,Seven Deadly Sins,MAN WITH A MISSION,The World's On Fire,3:27,0
al6Z7Z_fN-k,"My Soul, Your Beats!","Lia, VISUAL ARTS / Key","My Soul, Your Beats!/Brave Song",4:36,0
a7FPdVNdhvs,Seven Doors,ZAQ,Seven Doors,3:57,0
NjaOiGfAsx0,"ReSTART ""THE WORLD""(デュエット) - ReSTART ""THE WORLD""(Duet Version)",TWINKle MAGIC,"TRINITY SEVEN Ending Song Theme4 ReSTART ""THE WORLD""",4:26,0
k6np6TLlODk,カーストルーム,ZAQ,カーストルーム,4:26,0
